2.5.12.5.12.5.12.5.1



Current Torch version: 2.5Current Torch version: 2.5Current Torch version: 2.5
Current Torch version: 2.5


| distributed init (rank 0): env://, gpu 0
| distributed init (rank 1): env://, gpu 1
| distributed init (rank 2): env://, gpu 2
| distributed init (rank 3): env://, gpu 3
[08:46:16.070647] job dir: /mnt/data0/yunfei/workspace/IMDLBenCo/IMDLBenCo/training_scripts
[08:46:16.070747] =====args:=====
[08:46:16.070818] Namespace(model='DiffIML',
if_predict_label=False,
image_size=512,
if_padding=False,
if_resizing=True,
edge_mask_width=7,
test_data_json='./runs/test_datasets.json',
checkpoint_path='/mnt/data0/yunfei/workspace/IMDLBenCo/log/ckpt_dir',
test_batch_size=16,
no_model_eval=False,
output_dir='./diffiml_log/allbench/',
log_dir='./diffiml_log/allbench/',
device='cuda',
num_workers=1,
pin_mem=True,
world_size=4,
local_rank=-1,
dist_on_itp=False,
dist_url='env://',
rank=0,
gpu=0,
distributed=True,
dist_backend='nccl')
[08:46:16.070845] =====Model args:=====
[08:46:16.070885] Namespace(backbone='segformer_b3',
ch=128,
pretrain=True,
seg_weight=0.2,
prior_rate=0.0,
infer_time=5,
num_inference_steps=10,
light_vae_weights='/mnt/data0/yunfei/workspace/IMDLBenCo/log/train_light_vae/checkpoints/light_vae_weights.pth',
latent_dim=4,
base_channels=32,
norm_layer_type='BatchNorm',
activation_fn_name='relu')
[08:46:17.646841] Initialized Improved LightVAE with latent_dim=4, base_channels=32, norm=BatchNorm
[08:46:17.646984] Loading LightVAE weights from: /mnt/data0/yunfei/workspace/IMDLBenCo/log/train_light_vae/checkpoints/light_vae_weights.pth
[08:46:17.669049] LightVAE (SlimVAE) frozen for DiffIML training.
[08:46:17.742665] Model = DiffIML(
  (extractor): ConditionEncoder(
    (srm): SRMConv(
      (conv): Conv2d(3, 3, kernel_size=(5, 5), stride=(1, 1), padding=(2, 2), groups=3, bias=False)
    )
    (input_adapter): Sequential(
      (0): Conv2d(6, 3, kernel_size=(1, 1), stride=(1, 1), bias=False)
      (1): SyncBatchNorm(3, eps=1e-05, momentum=0.1, affine=True, track_running_stats=True)
      (2): ReLU(inplace=True)
    )
    (backbone): mit_b3(
      (patch_embed1): OverlapPatchEmbed(
        (proj): Conv2d(3, 64, kernel_size=(7, 7), stride=(4, 4), padding=(3, 3))
        (norm): LayerNorm((64,), eps=1e-05, elementwise_affine=True)
      )
      (patch_embed2): OverlapPatchEmbed(
        (proj): Conv2d(64, 128, kernel_size=(3, 3), stride=(2, 2), padding=(1, 1))
        (norm): LayerNorm((128,), eps=1e-05, elementwise_affine=True)
      )
      (patch_embed3): OverlapPatchEmbed(
        (proj): Conv2d(128, 320, kernel_size=(3, 3), stride=(2, 2), padding=(1, 1))
        (norm): LayerNorm((320,), eps=1e-05, elementwise_affine=True)
      )
      (patch_embed4): OverlapPatchEmbed(
        (proj): Conv2d(320, 512, kernel_size=(3, 3), stride=(2, 2), padding=(1, 1))
        (norm): LayerNorm((512,), eps=1e-05, elementwise_affine=True)
      )
      (block1): ModuleList(
        (0): Block(
          (norm1): LayerNorm((64,), eps=1e-06, elementwise_affine=True)
          (attn): Attention(
            (q): Linear(in_features=64, out_features=64, bias=True)
            (kv): Linear(in_features=64, out_features=128, bias=True)
            (attn_drop): Dropout(p=0.0, inplace=False)
            (proj): Linear(in_features=64, out_features=64, bias=True)
            (proj_drop): Dropout(p=0.0, inplace=False)
            (sr): Conv2d(64, 64, kernel_size=(8, 8), stride=(8, 8))
            (norm): LayerNorm((64,), eps=1e-05, elementwise_affine=True)
          )
          (drop_path): Identity()
          (norm2): LayerNorm((64,), eps=1e-06, elementwise_affine=True)
          (mlp): Mlp(
            (fc1): Linear(in_features=64, out_features=256, bias=True)
            (dwconv): DWConv(
              (dwconv): Conv2d(256, 256, kernel_size=(3, 3), stride=(1, 1), padding=(1, 1), groups=256)
            )
            (act): GELU(approximate='none')
            (fc2): Linear(in_features=256, out_features=64, bias=True)
            (drop): Dropout(p=0.0, inplace=False)
          )
        )
        (1): Block(
          (norm1): LayerNorm((64,), eps=1e-06, elementwise_affine=True)
          (attn): Attention(
            (q): Linear(in_features=64, out_features=64, bias=True)
            (kv): Linear(in_features=64, out_features=128, bias=True)
            (attn_drop): Dropout(p=0.0, inplace=False)
            (proj): Linear(in_features=64, out_features=64, bias=True)
            (proj_drop): Dropout(p=0.0, inplace=False)
            (sr): Conv2d(64, 64, kernel_size=(8, 8), stride=(8, 8))
            (norm): LayerNorm((64,), eps=1e-05, elementwise_affine=True)
          )
          (drop_path): DropPath(drop_prob=0.004)
          (norm2): LayerNorm((64,), eps=1e-06, elementwise_affine=True)
          (mlp): Mlp(
            (fc1): Linear(in_features=64, out_features=256, bias=True)
            (dwconv): DWConv(
              (dwconv): Conv2d(256, 256, kernel_size=(3, 3), stride=(1, 1), padding=(1, 1), groups=256)
            )
            (act): GELU(approximate='none')
            (fc2): Linear(in_features=256, out_features=64, bias=True)
            (drop): Dropout(p=0.0, inplace=False)
          )
        )
        (2): Block(
          (norm1): LayerNorm((64,), eps=1e-06, elementwise_affine=True)
          (attn): Attention(
            (q): Linear(in_features=64, out_features=64, bias=True)
            (kv): Linear(in_features=64, out_features=128, bias=True)
            (attn_drop): Dropout(p=0.0, inplace=False)
            (proj): Linear(in_features=64, out_features=64, bias=True)
            (proj_drop): Dropout(p=0.0, inplace=False)
            (sr): Conv2d(64, 64, kernel_size=(8, 8), stride=(8, 8))
            (norm): LayerNorm((64,), eps=1e-05, elementwise_affine=True)
          )
          (drop_path): DropPath(drop_prob=0.007)
          (norm2): LayerNorm((64,), eps=1e-06, elementwise_affine=True)
          (mlp): Mlp(
            (fc1): Linear(in_features=64, out_features=256, bias=True)
            (dwconv): DWConv(
              (dwconv): Conv2d(256, 256, kernel_size=(3, 3), stride=(1, 1), padding=(1, 1), groups=256)
            )
            (act): GELU(approximate='none')
            (fc2): Linear(in_features=256, out_features=64, bias=True)
            (drop): Dropout(p=0.0, inplace=False)
          )
        )
      )
      (norm1): LayerNorm((64,), eps=1e-06, elementwise_affine=True)
      (block2): ModuleList(
        (0): Block(
          (norm1): LayerNorm((128,), eps=1e-06, elementwise_affine=True)
          (attn): Attention(
            (q): Linear(in_features=128, out_features=128, bias=True)
            (kv): Linear(in_features=128, out_features=256, bias=True)
            (attn_drop): Dropout(p=0.0, inplace=False)
            (proj): Linear(in_features=128, out_features=128, bias=True)
            (proj_drop): Dropout(p=0.0, inplace=False)
            (sr): Conv2d(128, 128, kernel_size=(4, 4), stride=(4, 4))
            (norm): LayerNorm((128,), eps=1e-05, elementwise_affine=True)
          )
          (drop_path): DropPath(drop_prob=0.011)
          (norm2): LayerNorm((128,), eps=1e-06, elementwise_affine=True)
          (mlp): Mlp(
            (fc1): Linear(in_features=128, out_features=512, bias=True)
            (dwconv): DWConv(
              (dwconv): Conv2d(512, 512, kernel_size=(3, 3), stride=(1, 1), padding=(1, 1), groups=512)
            )
            (act): GELU(approximate='none')
            (fc2): Linear(in_features=512, out_features=128, bias=True)
            (drop): Dropout(p=0.0, inplace=False)
          )
        )
        (1): Block(
          (norm1): LayerNorm((128,), eps=1e-06, elementwise_affine=True)
          (attn): Attention(
            (q): Linear(in_features=128, out_features=128, bias=True)
            (kv): Linear(in_features=128, out_features=256, bias=True)
            (attn_drop): Dropout(p=0.0, inplace=False)
            (proj): Linear(in_features=128, out_features=128, bias=True)
            (proj_drop): Dropout(p=0.0, inplace=False)
            (sr): Conv2d(128, 128, kernel_size=(4, 4), stride=(4, 4))
            (norm): LayerNorm((128,), eps=1e-05, elementwise_affine=True)
          )
          (drop_path): DropPath(drop_prob=0.015)
          (norm2): LayerNorm((128,), eps=1e-06, elementwise_affine=True)
          (mlp): Mlp(
            (fc1): Linear(in_features=128, out_features=512, bias=True)
            (dwconv): DWConv(
              (dwconv): Conv2d(512, 512, kernel_size=(3, 3), stride=(1, 1), padding=(1, 1), groups=512)
            )
            (act): GELU(approximate='none')
            (fc2): Linear(in_features=512, out_features=128, bias=True)
            (drop): Dropout(p=0.0, inplace=False)
          )
        )
        (2): Block(
          (norm1): LayerNorm((128,), eps=1e-06, elementwise_affine=True)
          (attn): Attention(
            (q): Linear(in_features=128, out_features=128, bias=True)
            (kv): Linear(in_features=128, out_features=256, bias=True)
            (attn_drop): Dropout(p=0.0, inplace=False)
            (proj): Linear(in_features=128, out_features=128, bias=True)
            (proj_drop): Dropout(p=0.0, inplace=False)
            (sr): Conv2d(128, 128, kernel_size=(4, 4), stride=(4, 4))
            (norm): LayerNorm((128,), eps=1e-05, elementwise_affine=True)
          )
          (drop_path): DropPath(drop_prob=0.019)
          (norm2): LayerNorm((128,), eps=1e-06, elementwise_affine=True)
          (mlp): Mlp(
            (fc1): Linear(in_features=128, out_features=512, bias=True)
            (dwconv): DWConv(
              (dwconv): Conv2d(512, 512, kernel_size=(3, 3), stride=(1, 1), padding=(1, 1), groups=512)
            )
            (act): GELU(approximate='none')
            (fc2): Linear(in_features=512, out_features=128, bias=True)
            (drop): Dropout(p=0.0, inplace=False)
          )
        )
        (3): Block(
          (norm1): LayerNorm((128,), eps=1e-06, elementwise_affine=True)
          (attn): Attention(
            (q): Linear(in_features=128, out_features=128, bias=True)
            (kv): Linear(in_features=128, out_features=256, bias=True)
            (attn_drop): Dropout(p=0.0, inplace=False)
            (proj): Linear(in_features=128, out_features=128, bias=True)
            (proj_drop): Dropout(p=0.0, inplace=False)
            (sr): Conv2d(128, 128, kernel_size=(4, 4), stride=(4, 4))
            (norm): LayerNorm((128,), eps=1e-05, elementwise_affine=True)
          )
          (drop_path): DropPath(drop_prob=0.022)
          (norm2): LayerNorm((128,), eps=1e-06, elementwise_affine=True)
          (mlp): Mlp(
            (fc1): Linear(in_features=128, out_features=512, bias=True)
            (dwconv): DWConv(
              (dwconv): Conv2d(512, 512, kernel_size=(3, 3), stride=(1, 1), padding=(1, 1), groups=512)
            )
            (act): GELU(approximate='none')
            (fc2): Linear(in_features=512, out_features=128, bias=True)
            (drop): Dropout(p=0.0, inplace=False)
          )
        )
      )
      (norm2): LayerNorm((128,), eps=1e-06, elementwise_affine=True)
      (block3): ModuleList(
        (0): Block(
          (norm1): LayerNorm((320,), eps=1e-06, elementwise_affine=True)
          (attn): Attention(
            (q): Linear(in_features=320, out_features=320, bias=True)
            (kv): Linear(in_features=320, out_features=640, bias=True)
            (attn_drop): Dropout(p=0.0, inplace=False)
            (proj): Linear(in_features=320, out_features=320, bias=True)
            (proj_drop): Dropout(p=0.0, inplace=False)
            (sr): Conv2d(320, 320, kernel_size=(2, 2), stride=(2, 2))
            (norm): LayerNorm((320,), eps=1e-05, elementwise_affine=True)
          )
          (drop_path): DropPath(drop_prob=0.026)
          (norm2): LayerNorm((320,), eps=1e-06, elementwise_affine=True)
          (mlp): Mlp(
            (fc1): Linear(in_features=320, out_features=1280, bias=True)
            (dwconv): DWConv(
              (dwconv): Conv2d(1280, 1280, kernel_size=(3, 3), stride=(1, 1), padding=(1, 1), groups=1280)
            )
            (act): GELU(approximate='none')
            (fc2): Linear(in_features=1280, out_features=320, bias=True)
            (drop): Dropout(p=0.0, inplace=False)
          )
        )
        (1): Block(
          (norm1): LayerNorm((320,), eps=1e-06, elementwise_affine=True)
          (attn): Attention(
            (q): Linear(in_features=320, out_features=320, bias=True)
            (kv): Linear(in_features=320, out_features=640, bias=True)
            (attn_drop): Dropout(p=0.0, inplace=False)
            (proj): Linear(in_features=320, out_features=320, bias=True)
            (proj_drop): Dropout(p=0.0, inplace=False)
            (sr): Conv2d(320, 320, kernel_size=(2, 2), stride=(2, 2))
            (norm): LayerNorm((320,), eps=1e-05, elementwise_affine=True)
          )
          (drop_path): DropPath(drop_prob=0.030)
          (norm2): LayerNorm((320,), eps=1e-06, elementwise_affine=True)
          (mlp): Mlp(
            (fc1): Linear(in_features=320, out_features=1280, bias=True)
            (dwconv): DWConv(
              (dwconv): Conv2d(1280, 1280, kernel_size=(3, 3), stride=(1, 1), padding=(1, 1), groups=1280)
            )
            (act): GELU(approximate='none')
            (fc2): Linear(in_features=1280, out_features=320, bias=True)
            (drop): Dropout(p=0.0, inplace=False)
          )
        )
        (2): Block(
          (norm1): LayerNorm((320,), eps=1e-06, elementwise_affine=True)
          (attn): Attention(
            (q): Linear(in_features=320, out_features=320, bias=True)
            (kv): Linear(in_features=320, out_features=640, bias=True)
            (attn_drop): Dropout(p=0.0, inplace=False)
            (proj): Linear(in_features=320, out_features=320, bias=True)
            (proj_drop): Dropout(p=0.0, inplace=False)
            (sr): Conv2d(320, 320, kernel_size=(2, 2), stride=(2, 2))
            (norm): LayerNorm((320,), eps=1e-05, elementwise_affine=True)
          )
          (drop_path): DropPath(drop_prob=0.033)
          (norm2): LayerNorm((320,), eps=1e-06, elementwise_affine=True)
          (mlp): Mlp(
            (fc1): Linear(in_features=320, out_features=1280, bias=True)
            (dwconv): DWConv(
              (dwconv): Conv2d(1280, 1280, kernel_size=(3, 3), stride=(1, 1), padding=(1, 1), groups=1280)
            )
            (act): GELU(approximate='none')
            (fc2): Linear(in_features=1280, out_features=320, bias=True)
            (drop): Dropout(p=0.0, inplace=False)
          )
        )
        (3): Block(
          (norm1): LayerNorm((320,), eps=1e-06, elementwise_affine=True)
          (attn): Attention(
            (q): Linear(in_features=320, out_features=320, bias=True)
            (kv): Linear(in_features=320, out_features=640, bias=True)
            (attn_drop): Dropout(p=0.0, inplace=False)
            (proj): Linear(in_features=320, out_features=320, bias=True)
            (proj_drop): Dropout(p=0.0, inplace=False)
            (sr): Conv2d(320, 320, kernel_size=(2, 2), stride=(2, 2))
            (norm): LayerNorm((320,), eps=1e-05, elementwise_affine=True)
          )
          (drop_path): DropPath(drop_prob=0.037)
          (norm2): LayerNorm((320,), eps=1e-06, elementwise_affine=True)
          (mlp): Mlp(
            (fc1): Linear(in_features=320, out_features=1280, bias=True)
            (dwconv): DWConv(
              (dwconv): Conv2d(1280, 1280, kernel_size=(3, 3), stride=(1, 1), padding=(1, 1), groups=1280)
            )
            (act): GELU(approximate='none')
            (fc2): Linear(in_features=1280, out_features=320, bias=True)
            (drop): Dropout(p=0.0, inplace=False)
          )
        )
        (4): Block(
          (norm1): LayerNorm((320,), eps=1e-06, elementwise_affine=True)
          (attn): Attention(
            (q): Linear(in_features=320, out_features=320, bias=True)
            (kv): Linear(in_features=320, out_features=640, bias=True)
            (attn_drop): Dropout(p=0.0, inplace=False)
            (proj): Linear(in_features=320, out_features=320, bias=True)
            (proj_drop): Dropout(p=0.0, inplace=False)
            (sr): Conv2d(320, 320, kernel_size=(2, 2), stride=(2, 2))
            (norm): LayerNorm((320,), eps=1e-05, elementwise_affine=True)
          )
          (drop_path): DropPath(drop_prob=0.041)
          (norm2): LayerNorm((320,), eps=1e-06, elementwise_affine=True)
          (mlp): Mlp(
            (fc1): Linear(in_features=320, out_features=1280, bias=True)
            (dwconv): DWConv(
              (dwconv): Conv2d(1280, 1280, kernel_size=(3, 3), stride=(1, 1), padding=(1, 1), groups=1280)
            )
            (act): GELU(approximate='none')
            (fc2): Linear(in_features=1280, out_features=320, bias=True)
            (drop): Dropout(p=0.0, inplace=False)
          )
        )
        (5): Block(
          (norm1): LayerNorm((320,), eps=1e-06, elementwise_affine=True)
          (attn): Attention(
            (q): Linear(in_features=320, out_features=320, bias=True)
            (kv): Linear(in_features=320, out_features=640, bias=True)
            (attn_drop): Dropout(p=0.0, inplace=False)
            (proj): Linear(in_features=320, out_features=320, bias=True)
            (proj_drop): Dropout(p=0.0, inplace=False)
            (sr): Conv2d(320, 320, kernel_size=(2, 2), stride=(2, 2))
            (norm): LayerNorm((320,), eps=1e-05, elementwise_affine=True)
          )
          (drop_path): DropPath(drop_prob=0.044)
          (norm2): LayerNorm((320,), eps=1e-06, elementwise_affine=True)
          (mlp): Mlp(
            (fc1): Linear(in_features=320, out_features=1280, bias=True)
            (dwconv): DWConv(
              (dwconv): Conv2d(1280, 1280, kernel_size=(3, 3), stride=(1, 1), padding=(1, 1), groups=1280)
            )
            (act): GELU(approximate='none')
            (fc2): Linear(in_features=1280, out_features=320, bias=True)
            (drop): Dropout(p=0.0, inplace=False)
          )
        )
        (6): Block(
          (norm1): LayerNorm((320,), eps=1e-06, elementwise_affine=True)
          (attn): Attention(
            (q): Linear(in_features=320, out_features=320, bias=True)
            (kv): Linear(in_features=320, out_features=640, bias=True)
            (attn_drop): Dropout(p=0.0, inplace=False)
            (proj): Linear(in_features=320, out_features=320, bias=True)
            (proj_drop): Dropout(p=0.0, inplace=False)
            (sr): Conv2d(320, 320, kernel_size=(2, 2), stride=(2, 2))
            (norm): LayerNorm((320,), eps=1e-05, elementwise_affine=True)
          )
          (drop_path): DropPath(drop_prob=0.048)
          (norm2): LayerNorm((320,), eps=1e-06, elementwise_affine=True)
          (mlp): Mlp(
            (fc1): Linear(in_features=320, out_features=1280, bias=True)
            (dwconv): DWConv(
              (dwconv): Conv2d(1280, 1280, kernel_size=(3, 3), stride=(1, 1), padding=(1, 1), groups=1280)
            )
            (act): GELU(approximate='none')
            (fc2): Linear(in_features=1280, out_features=320, bias=True)
            (drop): Dropout(p=0.0, inplace=False)
          )
        )
        (7): Block(
          (norm1): LayerNorm((320,), eps=1e-06, elementwise_affine=True)
          (attn): Attention(
            (q): Linear(in_features=320, out_features=320, bias=True)
            (kv): Linear(in_features=320, out_features=640, bias=True)
            (attn_drop): Dropout(p=0.0, inplace=False)
            (proj): Linear(in_features=320, out_features=320, bias=True)
            (proj_drop): Dropout(p=0.0, inplace=False)
            (sr): Conv2d(320, 320, kernel_size=(2, 2), stride=(2, 2))
            (norm): LayerNorm((320,), eps=1e-05, elementwise_affine=True)
          )
          (drop_path): DropPath(drop_prob=0.052)
          (norm2): LayerNorm((320,), eps=1e-06, elementwise_affine=True)
          (mlp): Mlp(
            (fc1): Linear(in_features=320, out_features=1280, bias=True)
            (dwconv): DWConv(
              (dwconv): Conv2d(1280, 1280, kernel_size=(3, 3), stride=(1, 1), padding=(1, 1), groups=1280)
            )
            (act): GELU(approximate='none')
            (fc2): Linear(in_features=1280, out_features=320, bias=True)
            (drop): Dropout(p=0.0, inplace=False)
          )
        )
        (8): Block(
          (norm1): LayerNorm((320,), eps=1e-06, elementwise_affine=True)
          (attn): Attention(
            (q): Linear(in_features=320, out_features=320, bias=True)
            (kv): Linear(in_features=320, out_features=640, bias=True)
            (attn_drop): Dropout(p=0.0, inplace=False)
            (proj): Linear(in_features=320, out_features=320, bias=True)
            (proj_drop): Dropout(p=0.0, inplace=False)
            (sr): Conv2d(320, 320, kernel_size=(2, 2), stride=(2, 2))
            (norm): LayerNorm((320,), eps=1e-05, elementwise_affine=True)
          )
          (drop_path): DropPath(drop_prob=0.056)
          (norm2): LayerNorm((320,), eps=1e-06, elementwise_affine=True)
          (mlp): Mlp(
            (fc1): Linear(in_features=320, out_features=1280, bias=True)
            (dwconv): DWConv(
              (dwconv): Conv2d(1280, 1280, kernel_size=(3, 3), stride=(1, 1), padding=(1, 1), groups=1280)
            )
            (act): GELU(approximate='none')
            (fc2): Linear(in_features=1280, out_features=320, bias=True)
            (drop): Dropout(p=0.0, inplace=False)
          )
        )
        (9): Block(
          (norm1): LayerNorm((320,), eps=1e-06, elementwise_affine=True)
          (attn): Attention(
            (q): Linear(in_features=320, out_features=320, bias=True)
            (kv): Linear(in_features=320, out_features=640, bias=True)
            (attn_drop): Dropout(p=0.0, inplace=False)
            (proj): Linear(in_features=320, out_features=320, bias=True)
            (proj_drop): Dropout(p=0.0, inplace=False)
            (sr): Conv2d(320, 320, kernel_size=(2, 2), stride=(2, 2))
            (norm): LayerNorm((320,), eps=1e-05, elementwise_affine=True)
          )
          (drop_path): DropPath(drop_prob=0.059)
          (norm2): LayerNorm((320,), eps=1e-06, elementwise_affine=True)
          (mlp): Mlp(
            (fc1): Linear(in_features=320, out_features=1280, bias=True)
            (dwconv): DWConv(
              (dwconv): Conv2d(1280, 1280, kernel_size=(3, 3), stride=(1, 1), padding=(1, 1), groups=1280)
            )
            (act): GELU(approximate='none')
            (fc2): Linear(in_features=1280, out_features=320, bias=True)
            (drop): Dropout(p=0.0, inplace=False)
          )
        )
        (10): Block(
          (norm1): LayerNorm((320,), eps=1e-06, elementwise_affine=True)
          (attn): Attention(
            (q): Linear(in_features=320, out_features=320, bias=True)
            (kv): Linear(in_features=320, out_features=640, bias=True)
            (attn_drop): Dropout(p=0.0, inplace=False)
            (proj): Linear(in_features=320, out_features=320, bias=True)
            (proj_drop): Dropout(p=0.0, inplace=False)
            (sr): Conv2d(320, 320, kernel_size=(2, 2), stride=(2, 2))
            (norm): LayerNorm((320,), eps=1e-05, elementwise_affine=True)
          )
          (drop_path): DropPath(drop_prob=0.063)
          (norm2): LayerNorm((320,), eps=1e-06, elementwise_affine=True)
          (mlp): Mlp(
            (fc1): Linear(in_features=320, out_features=1280, bias=True)
            (dwconv): DWConv(
              (dwconv): Conv2d(1280, 1280, kernel_size=(3, 3), stride=(1, 1), padding=(1, 1), groups=1280)
            )
            (act): GELU(approximate='none')
            (fc2): Linear(in_features=1280, out_features=320, bias=True)
            (drop): Dropout(p=0.0, inplace=False)
          )
        )
        (11): Block(
          (norm1): LayerNorm((320,), eps=1e-06, elementwise_affine=True)
          (attn): Attention(
            (q): Linear(in_features=320, out_features=320, bias=True)
            (kv): Linear(in_features=320, out_features=640, bias=True)
            (attn_drop): Dropout(p=0.0, inplace=False)
            (proj): Linear(in_features=320, out_features=320, bias=True)
            (proj_drop): Dropout(p=0.0, inplace=False)
            (sr): Conv2d(320, 320, kernel_size=(2, 2), stride=(2, 2))
            (norm): LayerNorm((320,), eps=1e-05, elementwise_affine=True)
          )
          (drop_path): DropPath(drop_prob=0.067)
          (norm2): LayerNorm((320,), eps=1e-06, elementwise_affine=True)
          (mlp): Mlp(
            (fc1): Linear(in_features=320, out_features=1280, bias=True)
            (dwconv): DWConv(
              (dwconv): Conv2d(1280, 1280, kernel_size=(3, 3), stride=(1, 1), padding=(1, 1), groups=1280)
            )
            (act): GELU(approximate='none')
            (fc2): Linear(in_features=1280, out_features=320, bias=True)
            (drop): Dropout(p=0.0, inplace=False)
          )
        )
        (12): Block(
          (norm1): LayerNorm((320,), eps=1e-06, elementwise_affine=True)
          (attn): Attention(
            (q): Linear(in_features=320, out_features=320, bias=True)
            (kv): Linear(in_features=320, out_features=640, bias=True)
            (attn_drop): Dropout(p=0.0, inplace=False)
            (proj): Linear(in_features=320, out_features=320, bias=True)
            (proj_drop): Dropout(p=0.0, inplace=False)
            (sr): Conv2d(320, 320, kernel_size=(2, 2), stride=(2, 2))
            (norm): LayerNorm((320,), eps=1e-05, elementwise_affine=True)
          )
          (drop_path): DropPath(drop_prob=0.070)
          (norm2): LayerNorm((320,), eps=1e-06, elementwise_affine=True)
          (mlp): Mlp(
            (fc1): Linear(in_features=320, out_features=1280, bias=True)
            (dwconv): DWConv(
              (dwconv): Conv2d(1280, 1280, kernel_size=(3, 3), stride=(1, 1), padding=(1, 1), groups=1280)
            )
            (act): GELU(approximate='none')
            (fc2): Linear(in_features=1280, out_features=320, bias=True)
            (drop): Dropout(p=0.0, inplace=False)
          )
        )
        (13): Block(
          (norm1): LayerNorm((320,), eps=1e-06, elementwise_affine=True)
          (attn): Attention(
            (q): Linear(in_features=320, out_features=320, bias=True)
            (kv): Linear(in_features=320, out_features=640, bias=True)
            (attn_drop): Dropout(p=0.0, inplace=False)
            (proj): Linear(in_features=320, out_features=320, bias=True)
            (proj_drop): Dropout(p=0.0, inplace=False)
            (sr): Conv2d(320, 320, kernel_size=(2, 2), stride=(2, 2))
            (norm): LayerNorm((320,), eps=1e-05, elementwise_affine=True)
          )
          (drop_path): DropPath(drop_prob=0.074)
          (norm2): LayerNorm((320,), eps=1e-06, elementwise_affine=True)
          (mlp): Mlp(
            (fc1): Linear(in_features=320, out_features=1280, bias=True)
            (dwconv): DWConv(
              (dwconv): Conv2d(1280, 1280, kernel_size=(3, 3), stride=(1, 1), padding=(1, 1), groups=1280)
            )
            (act): GELU(approximate='none')
            (fc2): Linear(in_features=1280, out_features=320, bias=True)
            (drop): Dropout(p=0.0, inplace=False)
          )
        )
        (14): Block(
          (norm1): LayerNorm((320,), eps=1e-06, elementwise_affine=True)
          (attn): Attention(
            (q): Linear(in_features=320, out_features=320, bias=True)
            (kv): Linear(in_features=320, out_features=640, bias=True)
            (attn_drop): Dropout(p=0.0, inplace=False)
            (proj): Linear(in_features=320, out_features=320, bias=True)
            (proj_drop): Dropout(p=0.0, inplace=False)
            (sr): Conv2d(320, 320, kernel_size=(2, 2), stride=(2, 2))
            (norm): LayerNorm((320,), eps=1e-05, elementwise_affine=True)
          )
          (drop_path): DropPath(drop_prob=0.078)
          (norm2): LayerNorm((320,), eps=1e-06, elementwise_affine=True)
          (mlp): Mlp(
            (fc1): Linear(in_features=320, out_features=1280, bias=True)
            (dwconv): DWConv(
              (dwconv): Conv2d(1280, 1280, kernel_size=(3, 3), stride=(1, 1), padding=(1, 1), groups=1280)
            )
            (act): GELU(approximate='none')
            (fc2): Linear(in_features=1280, out_features=320, bias=True)
            (drop): Dropout(p=0.0, inplace=False)
          )
        )
        (15): Block(
          (norm1): LayerNorm((320,), eps=1e-06, elementwise_affine=True)
          (attn): Attention(
            (q): Linear(in_features=320, out_features=320, bias=True)
            (kv): Linear(in_features=320, out_features=640, bias=True)
            (attn_drop): Dropout(p=0.0, inplace=False)
            (proj): Linear(in_features=320, out_features=320, bias=True)
            (proj_drop): Dropout(p=0.0, inplace=False)
            (sr): Conv2d(320, 320, kernel_size=(2, 2), stride=(2, 2))
            (norm): LayerNorm((320,), eps=1e-05, elementwise_affine=True)
          )
          (drop_path): DropPath(drop_prob=0.081)
          (norm2): LayerNorm((320,), eps=1e-06, elementwise_affine=True)
          (mlp): Mlp(
            (fc1): Linear(in_features=320, out_features=1280, bias=True)
            (dwconv): DWConv(
              (dwconv): Conv2d(1280, 1280, kernel_size=(3, 3), stride=(1, 1), padding=(1, 1), groups=1280)
            )
            (act): GELU(approximate='none')
            (fc2): Linear(in_features=1280, out_features=320, bias=True)
            (drop): Dropout(p=0.0, inplace=False)
          )
        )
        (16): Block(
          (norm1): LayerNorm((320,), eps=1e-06, elementwise_affine=True)
          (attn): Attention(
            (q): Linear(in_features=320, out_features=320, bias=True)
            (kv): Linear(in_features=320, out_features=640, bias=True)
            (attn_drop): Dropout(p=0.0, inplace=False)
            (proj): Linear(in_features=320, out_features=320, bias=True)
            (proj_drop): Dropout(p=0.0, inplace=False)
            (sr): Conv2d(320, 320, kernel_size=(2, 2), stride=(2, 2))
            (norm): LayerNorm((320,), eps=1e-05, elementwise_affine=True)
          )
          (drop_path): DropPath(drop_prob=0.085)
          (norm2): LayerNorm((320,), eps=1e-06, elementwise_affine=True)
          (mlp): Mlp(
            (fc1): Linear(in_features=320, out_features=1280, bias=True)
            (dwconv): DWConv(
              (dwconv): Conv2d(1280, 1280, kernel_size=(3, 3), stride=(1, 1), padding=(1, 1), groups=1280)
            )
            (act): GELU(approximate='none')
            (fc2): Linear(in_features=1280, out_features=320, bias=True)
            (drop): Dropout(p=0.0, inplace=False)
          )
        )
        (17): Block(
          (norm1): LayerNorm((320,), eps=1e-06, elementwise_affine=True)
          (attn): Attention(
            (q): Linear(in_features=320, out_features=320, bias=True)
            (kv): Linear(in_features=320, out_features=640, bias=True)
            (attn_drop): Dropout(p=0.0, inplace=False)
            (proj): Linear(in_features=320, out_features=320, bias=True)
            (proj_drop): Dropout(p=0.0, inplace=False)
            (sr): Conv2d(320, 320, kernel_size=(2, 2), stride=(2, 2))
            (norm): LayerNorm((320,), eps=1e-05, elementwise_affine=True)
          )
          (drop_path): DropPath(drop_prob=0.089)
          (norm2): LayerNorm((320,), eps=1e-06, elementwise_affine=True)
          (mlp): Mlp(
            (fc1): Linear(in_features=320, out_features=1280, bias=True)
            (dwconv): DWConv(
              (dwconv): Conv2d(1280, 1280, kernel_size=(3, 3), stride=(1, 1), padding=(1, 1), groups=1280)
            )
            (act): GELU(approximate='none')
            (fc2): Linear(in_features=1280, out_features=320, bias=True)
            (drop): Dropout(p=0.0, inplace=False)
          )
        )
      )
      (norm3): LayerNorm((320,), eps=1e-06, elementwise_affine=True)
      (block4): ModuleList(
        (0): Block(
          (norm1): LayerNorm((512,), eps=1e-06, elementwise_affine=True)
          (attn): Attention(
            (q): Linear(in_features=512, out_features=512, bias=True)
            (kv): Linear(in_features=512, out_features=1024, bias=True)
            (attn_drop): Dropout(p=0.0, inplace=False)
            (proj): Linear(in_features=512, out_features=512, bias=True)
            (proj_drop): Dropout(p=0.0, inplace=False)
          )
          (drop_path): DropPath(drop_prob=0.093)
          (norm2): LayerNorm((512,), eps=1e-06, elementwise_affine=True)
          (mlp): Mlp(
            (fc1): Linear(in_features=512, out_features=2048, bias=True)
            (dwconv): DWConv(
              (dwconv): Conv2d(2048, 2048, kernel_size=(3, 3), stride=(1, 1), padding=(1, 1), groups=2048)
            )
            (act): GELU(approximate='none')
            (fc2): Linear(in_features=2048, out_features=512, bias=True)
            (drop): Dropout(p=0.0, inplace=False)
          )
        )
        (1): Block(
          (norm1): LayerNorm((512,), eps=1e-06, elementwise_affine=True)
          (attn): Attention(
            (q): Linear(in_features=512, out_features=512, bias=True)
            (kv): Linear(in_features=512, out_features=1024, bias=True)
            (attn_drop): Dropout(p=0.0, inplace=False)
            (proj): Linear(in_features=512, out_features=512, bias=True)
            (proj_drop): Dropout(p=0.0, inplace=False)
          )
          (drop_path): DropPath(drop_prob=0.096)
          (norm2): LayerNorm((512,), eps=1e-06, elementwise_affine=True)
          (mlp): Mlp(
            (fc1): Linear(in_features=512, out_features=2048, bias=True)
            (dwconv): DWConv(
              (dwconv): Conv2d(2048, 2048, kernel_size=(3, 3), stride=(1, 1), padding=(1, 1), groups=2048)
            )
            (act): GELU(approximate='none')
            (fc2): Linear(in_features=2048, out_features=512, bias=True)
            (drop): Dropout(p=0.0, inplace=False)
          )
        )
        (2): Block(
          (norm1): LayerNorm((512,), eps=1e-06, elementwise_affine=True)
          (attn): Attention(
            (q): Linear(in_features=512, out_features=512, bias=True)
            (kv): Linear(in_features=512, out_features=1024, bias=True)
            (attn_drop): Dropout(p=0.0, inplace=False)
            (proj): Linear(in_features=512, out_features=512, bias=True)
            (proj_drop): Dropout(p=0.0, inplace=False)
          )
          (drop_path): DropPath(drop_prob=0.100)
          (norm2): LayerNorm((512,), eps=1e-06, elementwise_affine=True)
          (mlp): Mlp(
            (fc1): Linear(in_features=512, out_features=2048, bias=True)
            (dwconv): DWConv(
              (dwconv): Conv2d(2048, 2048, kernel_size=(3, 3), stride=(1, 1), padding=(1, 1), groups=2048)
            )
            (act): GELU(approximate='none')
            (fc2): Linear(in_features=2048, out_features=512, bias=True)
            (drop): Dropout(p=0.0, inplace=False)
          )
        )
      )
      (norm4): LayerNorm((512,), eps=1e-06, elementwise_affine=True)
    )
    (conv): Conv2d(512, 128, kernel_size=(3, 3), stride=(1, 1), padding=(1, 1), bias=False)
  )
  (unet): Unet(
    (unet): UNet2DModel(
      (conv_in): Conv2d(8, 128, kernel_size=(3, 3), stride=(1, 1), padding=(1, 1))
      (time_proj): Timesteps()
      (time_embedding): TimestepEmbedding(
        (linear_1): Linear(in_features=128, out_features=512, bias=True)
        (act): SiLU()
        (linear_2): Linear(in_features=512, out_features=512, bias=True)
      )
      (down_blocks): ModuleList(
        (0): DownBlock2D(
          (resnets): ModuleList(
            (0-1): 2 x ResnetBlock2D(
              (norm1): GroupNorm(32, 128, eps=1e-05, affine=True)
              (conv1): Conv2d(128, 128, kernel_size=(3, 3), stride=(1, 1), padding=(1, 1))
              (time_emb_proj): Linear(in_features=512, out_features=128, bias=True)
              (norm2): GroupNorm(32, 128, eps=1e-05, affine=True)
              (dropout): Dropout(p=0.0, inplace=False)
              (conv2): Conv2d(128, 128, kernel_size=(3, 3), stride=(1, 1), padding=(1, 1))
              (nonlinearity): SiLU()
            )
          )
        )
      )
      (up_blocks): ModuleList(
        (0): UpBlock2D(
          (resnets): ModuleList(
            (0-2): 3 x ResnetBlock2D(
              (norm1): GroupNorm(32, 256, eps=1e-05, affine=True)
              (conv1): Conv2d(256, 128, kernel_size=(3, 3), stride=(1, 1), padding=(1, 1))
              (time_emb_proj): Linear(in_features=512, out_features=128, bias=True)
              (norm2): GroupNorm(32, 128, eps=1e-05, affine=True)
              (dropout): Dropout(p=0.0, inplace=False)
              (conv2): Conv2d(128, 128, kernel_size=(3, 3), stride=(1, 1), padding=(1, 1))
              (nonlinearity): SiLU()
              (conv_shortcut): Conv2d(256, 128, kernel_size=(1, 1), stride=(1, 1))
            )
          )
        )
      )
      (mid_block): UNetMidBlock2D(
        (attentions): ModuleList(
          (0): Attention(
            (group_norm): GroupNorm(32, 128, eps=1e-05, affine=True)
            (to_q): Linear(in_features=128, out_features=128, bias=True)
            (to_k): Linear(in_features=128, out_features=128, bias=True)
            (to_v): Linear(in_features=128, out_features=128, bias=True)
            (to_out): ModuleList(
              (0): Linear(in_features=128, out_features=128, bias=True)
              (1): Dropout(p=0.0, inplace=False)
            )
          )
        )
        (resnets): ModuleList(
          (0-1): 2 x ResnetBlock2D(
            (norm1): GroupNorm(32, 128, eps=1e-05, affine=True)
            (conv1): Conv2d(128, 128, kernel_size=(3, 3), stride=(1, 1), padding=(1, 1))
            (time_emb_proj): Linear(in_features=512, out_features=128, bias=True)
            (norm2): GroupNorm(32, 128, eps=1e-05, affine=True)
            (dropout): Dropout(p=0.0, inplace=False)
            (conv2): Conv2d(128, 128, kernel_size=(3, 3), stride=(1, 1), padding=(1, 1))
            (nonlinearity): SiLU()
          )
        )
      )
      (conv_norm_out): GroupNorm(32, 128, eps=1e-05, affine=True)
      (conv_act): SiLU()
      (conv_out): Conv2d(128, 8, kernel_size=(3, 3), stride=(1, 1), padding=(1, 1))
    )
    (concat): Conv2d(256, 128, kernel_size=(3, 3), stride=(1, 1), padding=(1, 1), bias=False)
  )
  (vae): LightVAE(
    (encoder): Sequential(
      (0): Conv2d(1, 32, kernel_size=(3, 3), stride=(2, 2), padding=(1, 1), bias=False)
      (1): SyncBatchNorm(32, eps=1e-05, momentum=0.1, affine=True, track_running_stats=True)
      (2): ReLU(inplace=True)
      (3): Conv2d(32, 64, kernel_size=(3, 3), stride=(2, 2), padding=(1, 1), bias=False)
      (4): SyncBatchNorm(64, eps=1e-05, momentum=0.1, affine=True, track_running_stats=True)
      (5): ReLU(inplace=True)
      (6): Conv2d(64, 128, kernel_size=(3, 3), stride=(2, 2), padding=(1, 1), bias=False)
      (7): SyncBatchNorm(128, eps=1e-05, momentum=0.1, affine=True, track_running_stats=True)
      (8): ReLU(inplace=True)
      (9): Conv2d(128, 4, kernel_size=(1, 1), stride=(1, 1))
    )
    (decoder): Sequential(
      (0): Conv2d(4, 128, kernel_size=(1, 1), stride=(1, 1))
      (1): SyncBatchNorm(128, eps=1e-05, momentum=0.1, affine=True, track_running_stats=True)
      (2): ReLU(inplace=True)
      (3): ConvTranspose2d(128, 64, kernel_size=(3, 3), stride=(2, 2), padding=(1, 1), output_padding=(1, 1), bias=False)
      (4): SyncBatchNorm(64, eps=1e-05, momentum=0.1, affine=True, track_running_stats=True)
      (5): ReLU(inplace=True)
      (6): ConvTranspose2d(64, 32, kernel_size=(3, 3), stride=(2, 2), padding=(1, 1), output_padding=(1, 1), bias=False)
      (7): SyncBatchNorm(32, eps=1e-05, momentum=0.1, affine=True, track_running_stats=True)
      (8): ReLU(inplace=True)
      (9): ConvTranspose2d(32, 32, kernel_size=(3, 3), stride=(2, 2), padding=(1, 1), output_padding=(1, 1), bias=False)
      (10): SyncBatchNorm(32, eps=1e-05, momentum=0.1, affine=True, track_running_stats=True)
      (11): ReLU(inplace=True)
      (12): Conv2d(32, 1, kernel_size=(3, 3), stride=(1, 1), padding=(1, 1))
    )
  )
)
[08:46:17.811801] Post function check: diffiml_post_func
[08:46:17.811858]                         Registry of POSTFUNCS                         
┏━━━━━━━━━━━━━━━━━━━┳━━━━━━━━━━━━━━━━━━━━━━━━━━━━━━━━━━━━━━━━━━━━━━━━┓
┃ Names             ┃ Objects                                        ┃
┡━━━━━━━━━━━━━━━━━━━╇━━━━━━━━━━━━━━━━━━━━━━━━━━━━━━━━━━━━━━━━━━━━━━━━┩
│ cat_net_post_func │ <function cat_net_post_func at 0x7ff71dd94360> │
└───────────────────┴────────────────────────────────────────────────┘

[08:46:17.816839] <IMDLBenCo.datasets.iml_datasets.JsonDataset object at 0x7ff70e36b590>
[08:46:17.816879] len(dataset_test) 180
[08:46:17.816927] Sampler_test = <torch.utils.data.distributed.DistributedSampler object at 0x7ff70e369790>
[08:46:17.817209] Start testing on Columbia! 
[08:46:17.817278] ['checkpoint-104.pth', 'checkpoint-69.pth', 'checkpoint-100.pth', 'checkpoint-36.pth', 'checkpoint-44.pth', 'checkpoint-50.pth', 'checkpoint-51.pth', 'checkpoint-92.pth', 'checkpoint-124.pth', 'checkpoint-60.pth', 'checkpoint-84.pth']
[08:46:17.817314] sorted checkpoint pairs in the ckpt dir:  [(36, 'checkpoint-36.pth'), (44, 'checkpoint-44.pth'), (50, 'checkpoint-50.pth'), (51, 'checkpoint-51.pth'), (60, 'checkpoint-60.pth'), (69, 'checkpoint-69.pth'), (84, 'checkpoint-84.pth'), (92, 'checkpoint-92.pth'), (100, 'checkpoint-100.pth'), (104, 'checkpoint-104.pth'), (124, 'checkpoint-124.pth')]
[08:46:17.817347] Loading checkpoint: checkpoint-36.pth
[08:46:33.400670] Test: [36]  [0/3]  eta: 0:00:28  pixel-level F1: 7.8265 (0.4892)  time: 9.5017  data: 2.7471  max mem: 2376
[08:46:43.379582] ====================
[08:46:43.379716] A batch that is not fully loaded was detected at the end of the dataset. The actual batch size for this batch is 13: The default batch size is 16
[08:46:43.379736] ====================
[08:46:43.471970] Test: [36]  [2/3]  eta: 0:00:06  pixel-level F1: 4.0198 (0.2945)  time: 6.5240  data: 0.9159  max mem: 2392
[08:46:43.580068] Test: [36] Total time: 0:00:19 (6.5607 s / it)
[08:46:43.580155] ***************************************************************
[08:46:43.580175] ****An extra tail dataset should exist for accracy metrics!****
[08:46:43.580330] ***************************************************************
[08:46:43.580354] **** Length of tail: 52 ****
[08:46:50.433308] Actual Batchsize/ world_size {'_n': 4.0}
[08:46:50.433500] {'pixel-level F1': tensor(0.6632, device='cuda:0', dtype=torch.float64)}
[08:46:50.717354] Test <remaining>: [36]  [0/4]  eta: 0:00:28  pixel-level F1: 1.4065 (0.2840)  time: 7.1356  data: 1.3899  max mem: 2469
[08:46:57.230781] Actual Batchsize/ world_size {'_n': 4.0}
[08:46:57.230904] {'pixel-level F1': tensor(1.1038, device='cuda:0', dtype=torch.float64)}
[08:46:57.350691] Test <remaining>: [36]  [1/4]  eta: 0:00:20  pixel-level F1: 1.4065 (0.2834)  time: 6.8843  data: 1.2147  max mem: 2485
[08:47:03.842782] Actual Batchsize/ world_size {'_n': 4.0}
[08:47:03.842920] {'pixel-level F1': tensor(0.8447, device='cuda:0', dtype=torch.float64)}
[08:47:03.962896] Test <remaining>: [36]  [2/4]  eta: 0:00:13  pixel-level F1: 1.1038 (0.2783)  time: 6.7934  data: 1.1462  max mem: 2485
[08:47:05.604368] ====================
[08:47:05.604452] A batch that is not fully loaded was detected at the end of the dataset. The actual batch size for this batch is 4: The default batch size is 16
[08:47:05.604470] ====================
[08:47:05.605027] Actual Batchsize/ world_size {'_n': 1.0}
[08:47:05.605105] {'pixel-level F1': tensor(0.1974, device='cuda:0', dtype=torch.float64)}
[08:47:05.627953] Test <remaining>: [36]  [3/4]  eta: 0:00:05  pixel-level F1: 1.1038 (0.2769)  time: 5.5112  data: 0.9139  max mem: 2485
[08:47:05.628098] Test <remaining>: [36] Total time: 0:00:22 (5.5117 s / it)
[08:47:05.629084] ---syncronized---
[08:47:05.629118] pixel-level F1 reduced_count 232
[08:47:05.629151] pixel-level F1 reduced_sum 62.815379008256926
[08:47:05.629184] ---syncronized done ---
[08:47:24.423548] Averaged stats: pixel-level F1: 1.1038 (0.2708)
[08:47:24.431642] Loading checkpoint: checkpoint-44.pth
[08:47:31.911933] Test: [44]  [0/3]  eta: 0:00:20  pixel-level F1: 8.2644 (0.5165)  time: 6.9304  data: 1.3746  max mem: 2485
[08:47:41.923593] ====================
[08:47:41.923706] A batch that is not fully loaded was detected at the end of the dataset. The actual batch size for this batch is 13: The default batch size is 16
[08:47:41.923727] ====================
[08:47:42.020605] Test: [44]  [2/3]  eta: 0:00:05  pixel-level F1: 5.8977 (0.3824)  time: 5.6795  data: 0.4583  max mem: 2485
[08:47:42.117039] Test: [44] Total time: 0:00:17 (5.7120 s / it)
[08:47:42.117333] ***************************************************************
[08:47:42.117354] ****An extra tail dataset should exist for accracy metrics!****
[08:47:42.117370] ***************************************************************
[08:47:42.117388] **** Length of tail: 52 ****
[08:47:48.646362] Actual Batchsize/ world_size {'_n': 4.0}
[08:47:48.646509] {'pixel-level F1': tensor(1.4733, device='cuda:0', dtype=torch.float64)}
[08:47:48.766623] Test <remaining>: [44]  [0/4]  eta: 0:00:26  pixel-level F1: 3.0469 (0.3813)  time: 6.6487  data: 1.0537  max mem: 2485
[08:47:55.257373] Actual Batchsize/ world_size {'_n': 4.0}
[08:47:55.257487] {'pixel-level F1': tensor(1.6995, device='cuda:0', dtype=torch.float64)}
[08:47:55.377605] Test <remaining>: [44]  [1/4]  eta: 0:00:19  pixel-level F1: 3.0469 (0.3846)  time: 6.6297  data: 1.0301  max mem: 2485
[08:48:01.854780] Actual Batchsize/ world_size {'_n': 4.0}
[08:48:01.854894] {'pixel-level F1': tensor(1.4423, device='cuda:0', dtype=torch.float64)}
[08:48:01.974974] Test <remaining>: [44]  [2/4]  eta: 0:00:13  pixel-level F1: 1.6995 (0.3829)  time: 6.6188  data: 1.0148  max mem: 2485
[08:48:03.605471] ====================
[08:48:03.605554] A batch that is not fully loaded was detected at the end of the dataset. The actual batch size for this batch is 4: The default batch size is 16
[08:48:03.605572] ====================
[08:48:03.606067] Actual Batchsize/ world_size {'_n': 1.0}
[08:48:03.606134] {'pixel-level F1': tensor(0.2444, device='cuda:0', dtype=torch.float64)}
[08:48:03.633479] Test <remaining>: [44]  [3/4]  eta: 0:00:05  pixel-level F1: 1.6995 (0.3805)  time: 5.3786  data: 0.8150  max mem: 2485
[08:48:03.633580] Test <remaining>: [44] Total time: 0:00:21 (5.3790 s / it)
[08:48:03.634566] ---syncronized---
[08:48:03.634602] pixel-level F1 reduced_count 232
[08:48:03.634636] pixel-level F1 reduced_sum 94.59872427570075
[08:48:03.634670] ---syncronized done ---
[08:48:15.155722] Averaged stats: pixel-level F1: 1.6995 (0.4078)
[08:48:15.163354] Loading checkpoint: checkpoint-50.pth
[08:48:22.597361] Test: [50]  [0/3]  eta: 0:00:20  pixel-level F1: 7.9405 (0.4963)  time: 6.9654  data: 1.3956  max mem: 2485
[08:48:32.640164] ====================
[08:48:32.640259] A batch that is not fully loaded was detected at the end of the dataset. The actual batch size for this batch is 13: The default batch size is 16
[08:48:32.640278] ====================
[08:48:32.737482] Test: [50]  [2/3]  eta: 0:00:05  pixel-level F1: 4.4930 (0.3157)  time: 5.7017  data: 0.4653  max mem: 2485
[08:48:32.837906] Test: [50] Total time: 0:00:17 (5.7355 s / it)
[08:48:32.838325] ***************************************************************
[08:48:32.838385] ****An extra tail dataset should exist for accracy metrics!****
[08:48:32.838445] ***************************************************************
[08:48:32.838492] **** Length of tail: 52 ****
[08:48:39.358189] Actual Batchsize/ world_size {'_n': 4.0}
[08:48:39.358297] {'pixel-level F1': tensor(0.7762, device='cuda:0', dtype=torch.float64)}
[08:48:39.478640] Test <remaining>: [50]  [0/4]  eta: 0:00:26  pixel-level F1: 1.7747 (0.3058)  time: 6.6394  data: 1.0197  max mem: 2485
[08:48:45.960760] Actual Batchsize/ world_size {'_n': 4.0}
[08:48:45.960868] {'pixel-level F1': tensor(1.3329, device='cuda:0', dtype=torch.float64)}
[08:48:46.081304] Test <remaining>: [50]  [1/4]  eta: 0:00:19  pixel-level F1: 1.7747 (0.3079)  time: 6.6208  data: 1.0015  max mem: 2485
[08:48:52.538651] Actual Batchsize/ world_size {'_n': 4.0}
[08:48:52.538758] {'pixel-level F1': tensor(0.5717, device='cuda:0', dtype=torch.float64)}
[08:48:52.659095] Test <remaining>: [50]  [2/4]  eta: 0:00:13  pixel-level F1: 1.3329 (0.2963)  time: 6.6064  data: 0.9876  max mem: 2485
[08:48:54.297286] ====================
[08:48:54.297357] A batch that is not fully loaded was detected at the end of the dataset. The actual batch size for this batch is 4: The default batch size is 16
[08:48:54.297375] ====================
[08:48:54.297858] Actual Batchsize/ world_size {'_n': 1.0}
[08:48:54.297924] {'pixel-level F1': tensor(0.3159, device='cuda:0', dtype=torch.float64)}
[08:48:54.325367] Test <remaining>: [50]  [3/4]  eta: 0:00:05  pixel-level F1: 1.3329 (0.2966)  time: 5.3713  data: 0.7963  max mem: 2485
[08:48:54.325466] Test <remaining>: [50] Total time: 0:00:21 (5.3716 s / it)
[08:48:54.326442] ---syncronized---
[08:48:54.326482] pixel-level F1 reduced_count 232
[08:48:54.326516] pixel-level F1 reduced_sum 68.82002718756486
[08:48:54.326548] ---syncronized done ---
[08:48:58.104053] Averaged stats: pixel-level F1: 1.3329 (0.2966)
[08:48:58.111690] Loading checkpoint: checkpoint-51.pth
[08:49:06.316695] Test: [51]  [0/3]  eta: 0:00:21  pixel-level F1: 7.2763 (0.4548)  time: 7.0680  data: 1.4790  max mem: 2485
[08:49:16.379650] ====================
[08:49:16.379735] A batch that is not fully loaded was detected at the end of the dataset. The actual batch size for this batch is 13: The default batch size is 16
[08:49:16.379754] ====================
[08:49:16.476890] Test: [51]  [2/3]  eta: 0:00:05  pixel-level F1: 4.7209 (0.2974)  time: 5.7426  data: 0.4931  max mem: 2485
[08:49:16.574767] Test: [51] Total time: 0:00:17 (5.7756 s / it)
[08:49:16.575138] ***************************************************************
[08:49:16.575196] ****An extra tail dataset should exist for accracy metrics!****
[08:49:16.575234] ***************************************************************
[08:49:16.575277] **** Length of tail: 52 ****
[08:49:23.107417] Actual Batchsize/ world_size {'_n': 4.0}
[08:49:23.107531] {'pixel-level F1': tensor(0.6916, device='cuda:0', dtype=torch.float64)}
[08:49:23.227903] Test <remaining>: [51]  [0/4]  eta: 0:00:26  pixel-level F1: 1.3871 (0.2873)  time: 6.6520  data: 1.0344  max mem: 2485
[08:49:29.709916] Actual Batchsize/ world_size {'_n': 4.0}
[08:49:29.710030] {'pixel-level F1': tensor(1.2540, device='cuda:0', dtype=torch.float64)}
[08:49:29.831180] Test <remaining>: [51]  [1/4]  eta: 0:00:19  pixel-level F1: 1.3871 (0.2892)  time: 6.6274  data: 1.0090  max mem: 2485
[08:49:36.293501] Actual Batchsize/ world_size {'_n': 4.0}
[08:49:36.293616] {'pixel-level F1': tensor(0.6471, device='cuda:0', dtype=torch.float64)}
[08:49:36.414283] Test <remaining>: [51]  [2/4]  eta: 0:00:13  pixel-level F1: 1.2540 (0.2803)  time: 6.6125  data: 0.9926  max mem: 2485
[08:49:38.036206] ====================
[08:49:38.036285] A batch that is not fully loaded was detected at the end of the dataset. The actual batch size for this batch is 4: The default batch size is 16
[08:49:38.036303] ====================
[08:49:38.036786] Actual Batchsize/ world_size {'_n': 1.0}
[08:49:38.036852] {'pixel-level F1': tensor(0.2538, device='cuda:0', dtype=torch.float64)}
[08:49:38.064426] Test <remaining>: [51]  [3/4]  eta: 0:00:05  pixel-level F1: 1.2540 (0.2798)  time: 5.3719  data: 0.7950  max mem: 2485
[08:49:38.064524] Test <remaining>: [51] Total time: 0:00:21 (5.3722 s / it)
[08:49:38.064993] ---syncronized---
[08:49:38.065028] pixel-level F1 reduced_count 232
[08:49:38.065063] pixel-level F1 reduced_sum 66.71829481427405
[08:49:38.065097] ---syncronized done ---
[08:49:41.824062] Averaged stats: pixel-level F1: 1.2540 (0.2876)
[08:49:41.834953] Loading checkpoint: checkpoint-60.pth
[08:49:50.274851] Test: [60]  [0/3]  eta: 0:00:21  pixel-level F1: 8.7756 (0.5485)  time: 7.0249  data: 1.4398  max mem: 2485
[08:50:00.343404] ====================
[08:50:00.343488] A batch that is not fully loaded was detected at the end of the dataset. The actual batch size for this batch is 13: The default batch size is 16
[08:50:00.343506] ====================
[08:50:00.440928] Test: [60]  [2/3]  eta: 0:00:05  pixel-level F1: 3.5659 (0.3402)  time: 5.7301  data: 0.4800  max mem: 2485
[08:50:00.546676] Test: [60] Total time: 0:00:17 (5.7657 s / it)
[08:50:00.547036] ***************************************************************
[08:50:00.547085] ****An extra tail dataset should exist for accracy metrics!****
[08:50:00.547122] ***************************************************************
[08:50:00.547163] **** Length of tail: 52 ****
[08:50:07.092811] Actual Batchsize/ world_size {'_n': 4.0}
[08:50:07.092939] {'pixel-level F1': tensor(1.1063, device='cuda:0', dtype=torch.float64)}
[08:50:07.213261] Test <remaining>: [60]  [0/4]  eta: 0:00:26  pixel-level F1: 2.9655 (0.3350)  time: 6.6654  data: 1.0446  max mem: 2485
[08:50:13.718277] Actual Batchsize/ world_size {'_n': 4.0}
[08:50:13.718392] {'pixel-level F1': tensor(1.6492, device='cuda:0', dtype=torch.float64)}
[08:50:13.838789] Test <remaining>: [60]  [1/4]  eta: 0:00:19  pixel-level F1: 2.9655 (0.3408)  time: 6.6453  data: 1.0208  max mem: 2485
[08:50:20.312530] Actual Batchsize/ world_size {'_n': 4.0}
[08:50:20.312677] {'pixel-level F1': tensor(0.7173, device='cuda:0', dtype=torch.float64)}
[08:50:20.433231] Test <remaining>: [60]  [2/4]  eta: 0:00:13  pixel-level F1: 1.6492 (0.3295)  time: 6.6282  data: 1.0023  max mem: 2485
[08:50:22.060488] ====================
[08:50:22.060562] A batch that is not fully loaded was detected at the end of the dataset. The actual batch size for this batch is 4: The default batch size is 16
[08:50:22.060580] ====================
[08:50:22.061061] Actual Batchsize/ world_size {'_n': 1.0}
[08:50:22.061127] {'pixel-level F1': tensor(0.2454, device='cuda:0', dtype=torch.float64)}
[08:50:22.088578] Test <remaining>: [60]  [3/4]  eta: 0:00:05  pixel-level F1: 1.6492 (0.3280)  time: 5.3849  data: 0.8036  max mem: 2485
[08:50:22.088689] Test <remaining>: [60] Total time: 0:00:21 (5.3853 s / it)
[08:50:22.089278] ---syncronized---
[08:50:22.089312] pixel-level F1 reduced_count 232
[08:50:22.089346] pixel-level F1 reduced_sum 75.75938429474563
[08:50:22.089380] ---syncronized done ---
[08:50:41.594366] Averaged stats: pixel-level F1: 1.6492 (0.3265)
[08:50:41.602008] Loading checkpoint: checkpoint-69.pth
[08:50:49.090901] Test: [69]  [0/3]  eta: 0:00:20  pixel-level F1: 10.6742 (0.6671)  time: 6.9746  data: 1.4117  max mem: 2485
[08:50:59.115573] ====================
[08:50:59.115664] A batch that is not fully loaded was detected at the end of the dataset. The actual batch size for this batch is 13: The default batch size is 16
[08:50:59.115719] ====================
[08:50:59.212746] Test: [69]  [2/3]  eta: 0:00:05  pixel-level F1: 9.1216 (0.5554)  time: 5.6986  data: 0.4707  max mem: 2485
[08:50:59.323677] Test: [69] Total time: 0:00:17 (5.7360 s / it)
[08:50:59.323804] ***************************************************************
[08:50:59.323990] ****An extra tail dataset should exist for accracy metrics!****
[08:50:59.324013] ***************************************************************
[08:50:59.324032] **** Length of tail: 52 ****
[08:51:05.838564] Actual Batchsize/ world_size {'_n': 4.0}
[08:51:05.838695] {'pixel-level F1': tensor(2.1334, device='cuda:0', dtype=torch.float64)}
[08:51:05.958717] Test <remaining>: [69]  [0/4]  eta: 0:00:26  pixel-level F1: 5.1990 (0.5536)  time: 6.6341  data: 1.0269  max mem: 2485
[08:51:12.406738] Actual Batchsize/ world_size {'_n': 4.0}
[08:51:12.406846] {'pixel-level F1': tensor(1.9073, device='cuda:0', dtype=torch.float64)}
[08:51:12.527385] Test <remaining>: [69]  [1/4]  eta: 0:00:19  pixel-level F1: 5.1990 (0.5478)  time: 6.6012  data: 0.9965  max mem: 2485
[08:51:18.933207] Actual Batchsize/ world_size {'_n': 4.0}
[08:51:18.933334] {'pixel-level F1': tensor(1.3192, device='cuda:0', dtype=torch.float64)}
[08:51:19.053646] Test <remaining>: [69]  [2/4]  eta: 0:00:13  pixel-level F1: 2.1334 (0.5325)  time: 6.5761  data: 0.9711  max mem: 2485
[08:51:20.668058] ====================
[08:51:20.668140] A batch that is not fully loaded was detected at the end of the dataset. The actual batch size for this batch is 4: The default batch size is 16
[08:51:20.668175] ====================
[08:51:20.668661] Actual Batchsize/ world_size {'_n': 1.0}
[08:51:20.668727] {'pixel-level F1': tensor(0.4015, device='cuda:0', dtype=torch.float64)}
[08:51:20.696101] Test <remaining>: [69]  [3/4]  eta: 0:00:05  pixel-level F1: 2.1334 (0.5303)  time: 5.3426  data: 0.7780  max mem: 2485
[08:51:20.696196] Test <remaining>: [69] Total time: 0:00:21 (5.3430 s / it)
[08:51:20.697134] ---syncronized---
[08:51:20.697167] pixel-level F1 reduced_count 232
[08:51:20.697201] pixel-level F1 reduced_sum 116.39040241638962
[08:51:20.697235] ---syncronized done ---
[08:51:24.410675] Averaged stats: pixel-level F1: 2.1334 (0.5017)
[08:51:24.418287] Loading checkpoint: checkpoint-84.pth
[08:51:32.613590] Test: [84]  [0/3]  eta: 0:00:21  pixel-level F1: 8.8066 (0.5504)  time: 7.0411  data: 1.4574  max mem: 2485
[08:51:42.685508] ====================
[08:51:42.685595] A batch that is not fully loaded was detected at the end of the dataset. The actual batch size for this batch is 13: The default batch size is 16
[08:51:42.685613] ====================
[08:51:42.783163] Test: [84]  [2/3]  eta: 0:00:05  pixel-level F1: 8.1061 (0.4469)  time: 5.7367  data: 0.4859  max mem: 2485
[08:51:42.895724] Test: [84] Total time: 0:00:17 (5.7746 s / it)
[08:51:42.896033] ***************************************************************
[08:51:42.896058] ****An extra tail dataset should exist for accracy metrics!****
[08:51:42.896074] ***************************************************************
[08:51:42.896094] **** Length of tail: 52 ****
[08:51:49.447464] Actual Batchsize/ world_size {'_n': 4.0}
[08:51:49.447607] {'pixel-level F1': tensor(1.6559, device='cuda:0', dtype=torch.float64)}
[08:51:49.568311] Test <remaining>: [84]  [0/4]  eta: 0:00:26  pixel-level F1: 3.1980 (0.4442)  time: 6.6716  data: 1.0482  max mem: 2485
[08:51:56.026290] Actual Batchsize/ world_size {'_n': 4.0}
[08:51:56.026399] {'pixel-level F1': tensor(1.8660, device='cuda:0', dtype=torch.float64)}
[08:51:56.147468] Test <remaining>: [84]  [1/4]  eta: 0:00:19  pixel-level F1: 3.1980 (0.4459)  time: 6.6252  data: 1.0024  max mem: 2485
[08:52:02.587124] Actual Batchsize/ world_size {'_n': 4.0}
[08:52:02.587247] {'pixel-level F1': tensor(0.8604, device='cuda:0', dtype=torch.float64)}
[08:52:02.707761] Test <remaining>: [84]  [2/4]  eta: 0:00:13  pixel-level F1: 1.8660 (0.4297)  time: 6.6034  data: 0.9812  max mem: 2485
[08:52:04.323865] ====================
[08:52:04.323944] A batch that is not fully loaded was detected at the end of the dataset. The actual batch size for this batch is 4: The default batch size is 16
[08:52:04.323962] ====================
[08:52:04.324443] Actual Batchsize/ world_size {'_n': 1.0}
[08:52:04.324507] {'pixel-level F1': tensor(0.7084, device='cuda:0', dtype=torch.float64)}
[08:52:04.352095] Test <remaining>: [84]  [3/4]  eta: 0:00:05  pixel-level F1: 1.8660 (0.4345)  time: 5.3636  data: 0.7853  max mem: 2485
[08:52:04.352208] Test <remaining>: [84] Total time: 0:00:21 (5.3640 s / it)
[08:52:04.352885] ---syncronized---
[08:52:04.352929] pixel-level F1 reduced_count 232
[08:52:04.352964] pixel-level F1 reduced_sum 100.05497662453075
[08:52:04.352997] ---syncronized done ---
[08:52:08.287304] Averaged stats: pixel-level F1: 1.8660 (0.4313)
[08:52:08.295132] Loading checkpoint: checkpoint-92.pth
[08:52:16.203282] Test: [92]  [0/3]  eta: 0:00:21  pixel-level F1: 5.4573 (0.3411)  time: 7.0708  data: 1.4837  max mem: 2485
[08:52:26.276359] ====================
[08:52:26.276451] A batch that is not fully loaded was detected at the end of the dataset. The actual batch size for this batch is 13: The default batch size is 16
[08:52:26.276470] ====================
[08:52:26.374287] Test: [92]  [2/3]  eta: 0:00:05  pixel-level F1: 5.2678 (0.2820)  time: 5.7471  data: 0.4947  max mem: 2485
[08:52:26.483040] Test: [92] Total time: 0:00:17 (5.7837 s / it)
[08:52:26.483142] ***************************************************************
[08:52:26.483325] ****An extra tail dataset should exist for accracy metrics!****
[08:52:26.483362] ***************************************************************
[08:52:26.483382] **** Length of tail: 52 ****
[08:52:33.034999] Actual Batchsize/ world_size {'_n': 4.0}
[08:52:33.035125] {'pixel-level F1': tensor(0.7703, device='cuda:0', dtype=torch.float64)}
[08:52:33.155923] Test <remaining>: [92]  [0/4]  eta: 0:00:26  pixel-level F1: 1.9654 (0.2747)  time: 6.6720  data: 1.0443  max mem: 2485
[08:52:39.601205] Actual Batchsize/ world_size {'_n': 4.0}
[08:52:39.601313] {'pixel-level F1': tensor(1.2118, device='cuda:0', dtype=torch.float64)}
[08:52:39.722163] Test <remaining>: [92]  [1/4]  eta: 0:00:19  pixel-level F1: 1.9654 (0.2768)  time: 6.6189  data: 0.9935  max mem: 2485
[08:52:46.150870] Actual Batchsize/ world_size {'_n': 4.0}
[08:52:46.150989] {'pixel-level F1': tensor(0.7068, device='cuda:0', dtype=torch.float64)}
[08:52:46.271366] Test <remaining>: [92]  [2/4]  eta: 0:00:13  pixel-level F1: 1.2118 (0.2698)  time: 6.5956  data: 0.9710  max mem: 2485
[08:52:47.886659] ====================
[08:52:47.886741] A batch that is not fully loaded was detected at the end of the dataset. The actual batch size for this batch is 4: The default batch size is 16
[08:52:47.886760] ====================
[08:52:47.887239] Actual Batchsize/ world_size {'_n': 1.0}
[08:52:47.887304] {'pixel-level F1': tensor(0.3379, device='cuda:0', dtype=torch.float64)}
[08:52:47.914842] Test <remaining>: [92]  [3/4]  eta: 0:00:05  pixel-level F1: 1.2118 (0.2710)  time: 5.3575  data: 0.7773  max mem: 2485
[08:52:47.914944] Test <remaining>: [92] Total time: 0:00:21 (5.3579 s / it)
[08:52:47.915680] ---syncronized---
[08:52:47.915714] pixel-level F1 reduced_count 232
[08:52:47.915749] pixel-level F1 reduced_sum 66.88926673868619
[08:52:47.915782] ---syncronized done ---
[08:52:52.866040] Averaged stats: pixel-level F1: 1.2118 (0.2883)
[08:52:52.872953] Loading checkpoint: checkpoint-100.pth
[08:53:00.421096] Test: [100]  [0/3]  eta: 0:00:21  pixel-level F1: 11.3514 (0.7095)  time: 7.0383  data: 1.4503  max mem: 2485
[08:53:10.487158] ====================
[08:53:10.487255] A batch that is not fully loaded was detected at the end of the dataset. The actual batch size for this batch is 13: The default batch size is 16
[08:53:10.487273] ====================
[08:53:10.584225] Test: [100]  [2/3]  eta: 0:00:05  pixel-level F1: 11.3514 (0.6433)  time: 5.7336  data: 0.4835  max mem: 2485
[08:53:10.682159] Test: [100] Total time: 0:00:17 (5.7666 s / it)
[08:53:10.682441] ***************************************************************
[08:53:10.682473] ****An extra tail dataset should exist for accracy metrics!****
[08:53:10.682493] ***************************************************************
[08:53:10.682515] **** Length of tail: 52 ****
[08:53:17.233290] Actual Batchsize/ world_size {'_n': 4.0}
[08:53:17.233409] {'pixel-level F1': tensor(2.5611, device='cuda:0', dtype=torch.float64)}
[08:53:17.353603] Test <remaining>: [100]  [0/4]  eta: 0:00:26  pixel-level F1: 6.1981 (0.6431)  time: 6.6705  data: 1.0491  max mem: 2485
[08:53:23.811465] Actual Batchsize/ world_size {'_n': 4.0}
[08:53:23.811578] {'pixel-level F1': tensor(2.1866, device='cuda:0', dtype=torch.float64)}
[08:53:23.931834] Test <remaining>: [100]  [1/4]  eta: 0:00:19  pixel-level F1: 6.1981 (0.6358)  time: 6.6241  data: 1.0005  max mem: 2485
[08:53:30.372811] Actual Batchsize/ world_size {'_n': 4.0}
[08:53:30.372918] {'pixel-level F1': tensor(1.5006, device='cuda:0', dtype=torch.float64)}
[08:53:30.493376] Test <remaining>: [100]  [2/4]  eta: 0:00:13  pixel-level F1: 2.5611 (0.6175)  time: 6.6031  data: 0.9779  max mem: 2485
[08:53:32.110701] ====================
[08:53:32.110774] A batch that is not fully loaded was detected at the end of the dataset. The actual batch size for this batch is 4: The default batch size is 16
[08:53:32.110792] ====================
[08:53:32.111281] Actual Batchsize/ world_size {'_n': 1.0}
[08:53:32.111348] {'pixel-level F1': tensor(0.6070, device='cuda:0', dtype=torch.float64)}
[08:53:32.138815] Test <remaining>: [100]  [3/4]  eta: 0:00:05  pixel-level F1: 2.5611 (0.6173)  time: 5.3636  data: 0.7828  max mem: 2485
[08:53:32.138934] Test <remaining>: [100] Total time: 0:00:21 (5.3641 s / it)
[08:53:32.139651] ---syncronized---
[08:53:32.139686] pixel-level F1 reduced_count 232
[08:53:32.139722] pixel-level F1 reduced_sum 132.52920266547545
[08:53:32.139755] ---syncronized done ---
[08:53:36.016084] Averaged stats: pixel-level F1: 2.5611 (0.5712)
[08:53:36.020812] Loading checkpoint: checkpoint-104.pth
[08:53:43.454532] Test: [104]  [0/3]  eta: 0:00:20  pixel-level F1: 9.7436 (0.6090)  time: 6.9967  data: 1.4047  max mem: 2485
[08:53:53.532956] ====================
[08:53:53.533048] A batch that is not fully loaded was detected at the end of the dataset. The actual batch size for this batch is 13: The default batch size is 16
[08:53:53.533066] ====================
[08:53:53.630406] Test: [104]  [2/3]  eta: 0:00:05  pixel-level F1: 9.7436 (0.5864)  time: 5.7240  data: 0.4683  max mem: 2485
[08:53:53.735224] Test: [104] Total time: 0:00:17 (5.7593 s / it)
[08:53:53.735354] ***************************************************************
[08:53:53.735374] ****An extra tail dataset should exist for accracy metrics!****
[08:53:53.735575] ***************************************************************
[08:53:53.735597] **** Length of tail: 52 ****
[08:54:00.232207] Actual Batchsize/ world_size {'_n': 4.0}
[08:54:00.232335] {'pixel-level F1': tensor(2.2549, device='cuda:0', dtype=torch.float64)}
[08:54:00.352725] Test <remaining>: [104]  [0/4]  eta: 0:00:26  pixel-level F1: 5.1966 (0.5846)  time: 6.6165  data: 1.0025  max mem: 2485
[08:54:06.770958] Actual Batchsize/ world_size {'_n': 4.0}
[08:54:06.771068] {'pixel-level F1': tensor(2.1763, device='cuda:0', dtype=torch.float64)}
[08:54:06.891897] Test <remaining>: [104]  [1/4]  eta: 0:00:19  pixel-level F1: 5.1966 (0.5815)  time: 6.5777  data: 0.9614  max mem: 2485
[08:54:13.290329] Actual Batchsize/ world_size {'_n': 4.0}
[08:54:13.290466] {'pixel-level F1': tensor(1.6249, device='cuda:0', dtype=torch.float64)}
[08:54:13.410924] Test <remaining>: [104]  [2/4]  eta: 0:00:13  pixel-level F1: 2.2549 (0.5692)  time: 6.5580  data: 0.9430  max mem: 2485
[08:54:15.029211] ====================
[08:54:15.029288] A batch that is not fully loaded was detected at the end of the dataset. The actual batch size for this batch is 4: The default batch size is 16
[08:54:15.029307] ====================
[08:54:15.029789] Actual Batchsize/ world_size {'_n': 1.0}
[08:54:15.029856] {'pixel-level F1': tensor(0.7168, device='cuda:0', dtype=torch.float64)}
[08:54:15.057330] Test <remaining>: [104]  [3/4]  eta: 0:00:05  pixel-level F1: 2.2549 (0.5717)  time: 5.3300  data: 0.7568  max mem: 2485
[08:54:15.057438] Test <remaining>: [104] Total time: 0:00:21 (5.3304 s / it)
[08:54:15.058055] ---syncronized---
[08:54:15.058088] pixel-level F1 reduced_count 232
[08:54:15.058123] pixel-level F1 reduced_sum 136.03033224532527
[08:54:15.058156] ---syncronized done ---
[08:54:18.665633] Averaged stats: pixel-level F1: 2.2549 (0.5863)
[08:54:18.673134] Loading checkpoint: checkpoint-124.pth
[08:54:26.171414] Test: [124]  [0/3]  eta: 0:00:21  pixel-level F1: 11.5524 (0.7220)  time: 7.0472  data: 1.4503  max mem: 2485
[08:54:36.253049] ====================
[08:54:36.253141] A batch that is not fully loaded was detected at the end of the dataset. The actual batch size for this batch is 13: The default batch size is 16
[08:54:36.253160] ====================
[08:54:36.350610] Test: [124]  [2/3]  eta: 0:00:05  pixel-level F1: 11.5524 (0.6587)  time: 5.7420  data: 0.4835  max mem: 2485
[08:54:36.456278] Test: [124] Total time: 0:00:17 (5.7776 s / it)
[08:54:36.456558] ***************************************************************
[08:54:36.456580] ****An extra tail dataset should exist for accracy metrics!****
[08:54:36.456597] ***************************************************************
[08:54:36.456615] **** Length of tail: 52 ****
[08:54:43.047791] Actual Batchsize/ world_size {'_n': 4.0}
[08:54:43.047916] {'pixel-level F1': tensor(2.2541, device='cuda:0', dtype=torch.float64)}
[08:54:43.168515] Test <remaining>: [124]  [0/4]  eta: 0:00:26  pixel-level F1: 6.2831 (0.6509)  time: 6.7114  data: 1.0756  max mem: 2485
[08:54:49.656072] Actual Batchsize/ world_size {'_n': 4.0}
[08:54:49.656199] {'pixel-level F1': tensor(2.3940, device='cuda:0', dtype=torch.float64)}
[08:54:49.776582] Test <remaining>: [124]  [1/4]  eta: 0:00:19  pixel-level F1: 6.2831 (0.6470)  time: 6.6595  data: 1.0286  max mem: 2485
[08:54:56.362678] Actual Batchsize/ world_size {'_n': 4.0}
[08:54:56.362889] {'pixel-level F1': tensor(2.0956, device='cuda:0', dtype=torch.float64)}
[08:54:56.481560] Test <remaining>: [124]  [2/4]  eta: 0:00:13  pixel-level F1: 2.3940 (0.6383)  time: 6.6744  data: 1.0435  max mem: 2485
[08:54:58.178463] ====================
[08:54:58.178559] A batch that is not fully loaded was detected at the end of the dataset. The actual batch size for this batch is 4: The default batch size is 16
[08:54:58.178577] ====================
[08:54:58.179089] Actual Batchsize/ world_size {'_n': 1.0}
[08:54:58.179155] {'pixel-level F1': tensor(0.7269, device='cuda:0', dtype=torch.float64)}
[08:54:58.206244] Test <remaining>: [124]  [3/4]  eta: 0:00:05  pixel-level F1: 2.3940 (0.6399)  time: 5.4368  data: 0.8515  max mem: 2485
[08:54:58.206363] Test <remaining>: [124] Total time: 0:00:21 (5.4374 s / it)
[08:54:58.206989] ---syncronized---
[08:54:58.207024] pixel-level F1 reduced_count 232
[08:54:58.207056] pixel-level F1 reduced_sum 149.15643604925364
[08:54:58.207088] ---syncronized done ---
[08:55:04.068736] Averaged stats: pixel-level F1: 2.3940 (0.6429)
[08:55:04.074002] Testing on dataset Columbia takes 0:08:46
[08:55:04.078690] <IMDLBenCo.datasets.iml_datasets.ManiDataset object at 0x7ff704153790>
[08:55:04.078741] len(dataset_test) 564
[08:55:04.078823] Sampler_test = <torch.utils.data.distributed.DistributedSampler object at 0x7ff70c458610>
[08:55:04.079496] Start testing on NIST16_1024! 
[08:55:04.079578] ['checkpoint-104.pth', 'checkpoint-69.pth', 'checkpoint-100.pth', 'checkpoint-36.pth', 'checkpoint-44.pth', 'checkpoint-50.pth', 'checkpoint-51.pth', 'checkpoint-92.pth', 'checkpoint-124.pth', 'checkpoint-60.pth', 'checkpoint-84.pth']
[08:55:04.079643] sorted checkpoint pairs in the ckpt dir:  [(36, 'checkpoint-36.pth'), (44, 'checkpoint-44.pth'), (50, 'checkpoint-50.pth'), (51, 'checkpoint-51.pth'), (60, 'checkpoint-60.pth'), (69, 'checkpoint-69.pth'), (84, 'checkpoint-84.pth'), (92, 'checkpoint-92.pth'), (100, 'checkpoint-100.pth'), (104, 'checkpoint-104.pth'), (124, 'checkpoint-124.pth')]
[08:55:04.079690] Loading checkpoint: checkpoint-36.pth
[08:55:11.872591] Test: [36]  [0/9]  eta: 0:01:05  pixel-level F1: 1.7308 (0.1082)  time: 7.3113  data: 1.7314  max mem: 2485
[08:55:55.648025] ====================
[08:55:55.648128] A batch that is not fully loaded was detected at the end of the dataset. The actual batch size for this batch is 13: The default batch size is 16
[08:55:55.648147] ====================
[08:55:55.745927] Test: [36]  [8/9]  eta: 0:00:05  pixel-level F1: 1.7308 (0.1133)  time: 5.6871  data: 0.1925  max mem: 2485
[08:55:55.857874] Test: [36] Total time: 0:00:51 (5.6997 s / it)
[08:55:55.858179] ***************************************************************
[08:55:55.858204] ****An extra tail dataset should exist for accracy metrics!****
[08:55:55.858220] ***************************************************************
[08:55:55.858239] **** Length of tail: 52 ****
[08:56:02.712267] Actual Batchsize/ world_size {'_n': 4.0}
[08:56:02.712386] {'pixel-level F1': tensor(0.4877, device='cuda:0', dtype=torch.float64)}
[08:56:02.833126] Test <remaining>: [36]  [0/4]  eta: 0:00:27  pixel-level F1: 1.4038 (0.1135)  time: 6.9743  data: 1.3460  max mem: 2485
[08:56:09.660267] Actual Batchsize/ world_size {'_n': 4.0}
[08:56:09.660391] {'pixel-level F1': tensor(0.7147, device='cuda:0', dtype=torch.float64)}
[08:56:09.780568] Test <remaining>: [36]  [1/4]  eta: 0:00:20  pixel-level F1: 1.4038 (0.1153)  time: 6.9607  data: 1.3339  max mem: 2485
[08:56:16.555036] Actual Batchsize/ world_size {'_n': 4.0}
[08:56:16.555188] {'pixel-level F1': tensor(0.7193, device='cuda:0', dtype=torch.float64)}
[08:56:16.675869] Test <remaining>: [36]  [2/4]  eta: 0:00:13  pixel-level F1: 1.2235 (0.1169)  time: 6.9387  data: 1.3118  max mem: 2485
[08:56:18.412836] ====================
[08:56:18.412922] A batch that is not fully loaded was detected at the end of the dataset. The actual batch size for this batch is 4: The default batch size is 16
[08:56:18.412940] ====================
[08:56:18.413445] Actual Batchsize/ world_size {'_n': 1.0}
[08:56:18.413514] {'pixel-level F1': tensor(0., device='cuda:0', dtype=torch.float64)}
[08:56:18.440827] Test <remaining>: [36]  [3/4]  eta: 0:00:05  pixel-level F1: 1.2235 (0.1162)  time: 5.6452  data: 1.0620  max mem: 2485
[08:56:18.440923] Test <remaining>: [36] Total time: 0:00:22 (5.6456 s / it)
[08:56:18.441689] ---syncronized---
[08:56:18.441724] pixel-level F1 reduced_count 616
[08:56:18.441762] pixel-level F1 reduced_sum 73.0202328554266
[08:56:18.441795] ---syncronized done ---
[08:56:24.011529] Averaged stats: pixel-level F1: 1.2235 (0.1185)
[08:56:24.018313] Loading checkpoint: checkpoint-44.pth
[08:56:31.696764] Test: [44]  [0/9]  eta: 0:01:04  pixel-level F1: 1.5266 (0.0954)  time: 7.2132  data: 1.6250  max mem: 2485
[08:57:15.497398] ====================
[08:57:15.497504] A batch that is not fully loaded was detected at the end of the dataset. The actual batch size for this batch is 13: The default batch size is 16
[08:57:15.497524] ====================
[08:57:15.595393] Test: [44]  [8/9]  eta: 0:00:05  pixel-level F1: 3.0040 (0.1970)  time: 5.6790  data: 0.1806  max mem: 2485
[08:57:15.715671] Test: [44] Total time: 0:00:51 (5.6925 s / it)
[08:57:15.715789] ***************************************************************
[08:57:15.715816] ****An extra tail dataset should exist for accracy metrics!****
[08:57:15.716005] ***************************************************************
[08:57:15.716027] **** Length of tail: 52 ****
[08:57:22.563870] Actual Batchsize/ world_size {'_n': 4.0}
[08:57:22.564006] {'pixel-level F1': tensor(0.6325, device='cuda:0', dtype=torch.float64)}
[08:57:22.684695] Test <remaining>: [44]  [0/4]  eta: 0:00:27  pixel-level F1: 2.1341 (0.1960)  time: 6.9681  data: 1.3394  max mem: 2485
[08:57:29.442523] Actual Batchsize/ world_size {'_n': 4.0}
[08:57:29.442642] {'pixel-level F1': tensor(1.3591, device='cuda:0', dtype=torch.float64)}
[08:57:29.563252] Test <remaining>: [44]  [1/4]  eta: 0:00:20  pixel-level F1: 2.1341 (0.1998)  time: 6.9232  data: 1.2974  max mem: 2485
[08:57:36.348186] Actual Batchsize/ world_size {'_n': 4.0}
[08:57:36.348308] {'pixel-level F1': tensor(1.3378, device='cuda:0', dtype=torch.float64)}
[08:57:36.469163] Test <remaining>: [44]  [2/4]  eta: 0:00:13  pixel-level F1: 2.0597 (0.2034)  time: 6.9173  data: 1.2905  max mem: 2485
[08:57:38.212983] ====================
[08:57:38.213068] A batch that is not fully loaded was detected at the end of the dataset. The actual batch size for this batch is 4: The default batch size is 16
[08:57:38.213087] ====================
[08:57:38.213570] Actual Batchsize/ world_size {'_n': 1.0}
[08:57:38.213637] {'pixel-level F1': tensor(0.0018, device='cuda:0', dtype=torch.float64)}
[08:57:38.241222] Test <remaining>: [44]  [3/4]  eta: 0:00:05  pixel-level F1: 2.0597 (0.2020)  time: 5.6309  data: 1.0479  max mem: 2485
[08:57:38.241316] Test <remaining>: [44] Total time: 0:00:22 (5.6313 s / it)
[08:57:38.242136] ---syncronized---
[08:57:38.242168] pixel-level F1 reduced_count 616
[08:57:38.242200] pixel-level F1 reduced_sum 113.43346624346242
[08:57:38.242235] ---syncronized done ---
[08:57:42.906689] Averaged stats: pixel-level F1: 2.0597 (0.1841)
[08:57:42.912852] Loading checkpoint: checkpoint-50.pth
[08:57:50.546765] Test: [50]  [0/9]  eta: 0:01:04  pixel-level F1: 2.6245 (0.1640)  time: 7.2051  data: 1.6141  max mem: 2485
[08:58:34.382442] ====================
[08:58:34.382541] A batch that is not fully loaded was detected at the end of the dataset. The actual batch size for this batch is 13: The default batch size is 16
[08:58:34.382574] ====================
[08:58:34.480255] Test: [50]  [8/9]  eta: 0:00:05  pixel-level F1: 3.1986 (0.2042)  time: 5.6820  data: 0.1794  max mem: 2485
[08:58:34.587968] Test: [50] Total time: 0:00:51 (5.6941 s / it)
[08:58:34.588249] ***************************************************************
[08:58:34.588271] ****An extra tail dataset should exist for accracy metrics!****
[08:58:34.588287] ***************************************************************
[08:58:34.588305] **** Length of tail: 52 ****
[08:58:41.438342] Actual Batchsize/ world_size {'_n': 4.0}
[08:58:41.438472] {'pixel-level F1': tensor(0.8991, device='cuda:0', dtype=torch.float64)}
[08:58:41.559306] Test <remaining>: [50]  [0/4]  eta: 0:00:27  pixel-level F1: 3.1004 (0.2048)  time: 6.9609  data: 1.3340  max mem: 2485
[08:58:48.321386] Actual Batchsize/ world_size {'_n': 4.0}
[08:58:48.321506] {'pixel-level F1': tensor(1.3899, device='cuda:0', dtype=torch.float64)}
[08:58:48.442546] Test <remaining>: [50]  [1/4]  eta: 0:00:20  pixel-level F1: 3.1004 (0.2086)  time: 6.9216  data: 1.2948  max mem: 2485
[08:58:55.352728] Actual Batchsize/ world_size {'_n': 4.0}
[08:58:55.352844] {'pixel-level F1': tensor(1.3106, device='cuda:0', dtype=torch.float64)}
[08:58:55.473786] Test <remaining>: [50]  [2/4]  eta: 0:00:13  pixel-level F1: 2.6245 (0.2117)  time: 6.9580  data: 1.3304  max mem: 2485
[08:58:57.216629] ====================
[08:58:57.216725] A batch that is not fully loaded was detected at the end of the dataset. The actual batch size for this batch is 4: The default batch size is 16
[08:58:57.216743] ====================
[08:58:57.217272] Actual Batchsize/ world_size {'_n': 1.0}
[08:58:57.217342] {'pixel-level F1': tensor(0., device='cuda:0', dtype=torch.float64)}
[08:58:57.244580] Test <remaining>: [50]  [3/4]  eta: 0:00:05  pixel-level F1: 2.6245 (0.2103)  time: 5.6611  data: 1.0774  max mem: 2485
[08:58:57.244693] Test <remaining>: [50] Total time: 0:00:22 (5.6617 s / it)
[08:58:57.245466] ---syncronized---
[08:58:57.245504] pixel-level F1 reduced_count 616
[08:58:57.245540] pixel-level F1 reduced_sum 131.56305796411593
[08:58:57.245573] ---syncronized done ---
[08:59:00.270231] Averaged stats: pixel-level F1: 2.6245 (0.2136)
[08:59:00.276555] Loading checkpoint: checkpoint-51.pth
[08:59:07.956999] Test: [51]  [0/9]  eta: 0:01:05  pixel-level F1: 2.7664 (0.1729)  time: 7.2482  data: 1.6464  max mem: 2485
[08:59:51.817708] ====================
[08:59:51.817812] A batch that is not fully loaded was detected at the end of the dataset. The actual batch size for this batch is 13: The default batch size is 16
[08:59:51.817831] ====================
[08:59:51.915618] Test: [51]  [8/9]  eta: 0:00:05  pixel-level F1: 2.9887 (0.2048)  time: 5.6896  data: 0.1830  max mem: 2485
[08:59:52.026012] Test: [51] Total time: 0:00:51 (5.7020 s / it)
[08:59:52.026124] ***************************************************************
[08:59:52.026145] ****An extra tail dataset should exist for accracy metrics!****
[08:59:52.026329] ***************************************************************
[08:59:52.026352] **** Length of tail: 52 ****
[08:59:58.867463] Actual Batchsize/ world_size {'_n': 4.0}
[08:59:58.867582] {'pixel-level F1': tensor(0.9661, device='cuda:0', dtype=torch.float64)}
[08:59:58.988092] Test <remaining>: [51]  [0/4]  eta: 0:00:27  pixel-level F1: 2.7696 (0.2058)  time: 6.9612  data: 1.3311  max mem: 2485
[09:00:05.752790] Actual Batchsize/ world_size {'_n': 4.0}
[09:00:05.752900] {'pixel-level F1': tensor(1.6929, device='cuda:0', dtype=torch.float64)}
[09:00:05.873763] Test <remaining>: [51]  [1/4]  eta: 0:00:20  pixel-level F1: 2.7696 (0.2117)  time: 6.9232  data: 1.2938  max mem: 2485
[09:00:12.644687] Actual Batchsize/ world_size {'_n': 4.0}
[09:00:12.644797] {'pixel-level F1': tensor(1.3348, device='cuda:0', dtype=torch.float64)}
[09:00:12.765471] Test <remaining>: [51]  [2/4]  eta: 0:00:13  pixel-level F1: 2.7664 (0.2149)  time: 6.9126  data: 1.2824  max mem: 2485
[09:00:14.505219] ====================
[09:00:14.505305] A batch that is not fully loaded was detected at the end of the dataset. The actual batch size for this batch is 4: The default batch size is 16
[09:00:14.505343] ====================
[09:00:14.505830] Actual Batchsize/ world_size {'_n': 1.0}
[09:00:14.505895] {'pixel-level F1': tensor(0.0150, device='cuda:0', dtype=torch.float64)}
[09:00:14.533425] Test <remaining>: [51]  [3/4]  eta: 0:00:05  pixel-level F1: 2.7664 (0.2136)  time: 5.6264  data: 1.0407  max mem: 2485
[09:00:14.533522] Test <remaining>: [51] Total time: 0:00:22 (5.6267 s / it)
[09:00:14.534114] ---syncronized---
[09:00:14.534147] pixel-level F1 reduced_count 616
[09:00:14.534180] pixel-level F1 reduced_sum 135.37943336171813
[09:00:14.534214] ---syncronized done ---
[09:00:18.545801] Averaged stats: pixel-level F1: 2.7664 (0.2198)
[09:00:18.552095] Loading checkpoint: checkpoint-60.pth
[09:00:26.402791] Test: [60]  [0/9]  eta: 0:01:04  pixel-level F1: 3.4937 (0.2184)  time: 7.1885  data: 1.5949  max mem: 2485
[09:01:10.242357] ====================
[09:01:10.242475] A batch that is not fully loaded was detected at the end of the dataset. The actual batch size for this batch is 13: The default batch size is 16
[09:01:10.242494] ====================
[09:01:10.340245] Test: [60]  [8/9]  eta: 0:00:05  pixel-level F1: 3.4937 (0.2197)  time: 5.6806  data: 0.1773  max mem: 2485
[09:01:10.445877] Test: [60] Total time: 0:00:51 (5.6925 s / it)
[09:01:10.445989] ***************************************************************
[09:01:10.446011] ****An extra tail dataset should exist for accracy metrics!****
[09:01:10.446186] ***************************************************************
[09:01:10.446208] **** Length of tail: 52 ****
[09:01:17.269381] Actual Batchsize/ world_size {'_n': 4.0}
[09:01:17.269511] {'pixel-level F1': tensor(0.8975, device='cuda:0', dtype=torch.float64)}
[09:01:17.390213] Test <remaining>: [60]  [0/4]  eta: 0:00:27  pixel-level F1: 3.0252 (0.2198)  time: 6.9434  data: 1.3136  max mem: 2485
[09:01:24.294244] Actual Batchsize/ world_size {'_n': 4.0}
[09:01:24.294354] {'pixel-level F1': tensor(1.1362, device='cuda:0', dtype=torch.float64)}
[09:01:24.415220] Test <remaining>: [60]  [1/4]  eta: 0:00:20  pixel-level F1: 3.0252 (0.2215)  time: 6.9840  data: 1.3533  max mem: 2485
[09:01:31.153790] Actual Batchsize/ world_size {'_n': 4.0}
[09:01:31.153906] {'pixel-level F1': tensor(1.3621, device='cuda:0', dtype=torch.float64)}
[09:01:31.274687] Test <remaining>: [60]  [2/4]  eta: 0:00:13  pixel-level F1: 2.9378 (0.2247)  time: 6.9424  data: 1.3121  max mem: 2485
[09:01:33.008353] ====================
[09:01:33.008434] A batch that is not fully loaded was detected at the end of the dataset. The actual batch size for this batch is 4: The default batch size is 16
[09:01:33.008452] ====================
[09:01:33.008930] Actual Batchsize/ world_size {'_n': 1.0}
[09:01:33.008994] {'pixel-level F1': tensor(0.0150, device='cuda:0', dtype=torch.float64)}
[09:01:33.036622] Test <remaining>: [60]  [3/4]  eta: 0:00:05  pixel-level F1: 2.9378 (0.2233)  time: 5.6472  data: 1.0616  max mem: 2485
[09:01:33.036716] Test <remaining>: [60] Total time: 0:00:22 (5.6476 s / it)
[09:01:33.037444] ---syncronized---
[09:01:33.037476] pixel-level F1 reduced_count 616
[09:01:33.037510] pixel-level F1 reduced_sum 128.8135405212958
[09:01:33.037543] ---syncronized done ---
[09:01:36.971957] Averaged stats: pixel-level F1: 2.9378 (0.2091)
[09:01:36.978328] Loading checkpoint: checkpoint-69.pth
[09:01:44.631270] Test: [69]  [0/9]  eta: 0:01:05  pixel-level F1: 2.9951 (0.1872)  time: 7.2235  data: 1.6281  max mem: 2485
[09:02:28.480052] ====================
[09:02:28.480151] A batch that is not fully loaded was detected at the end of the dataset. The actual batch size for this batch is 13: The default batch size is 16
[09:02:28.480170] ====================
[09:02:28.577906] Test: [69]  [8/9]  eta: 0:00:05  pixel-level F1: 2.9951 (0.1966)  time: 5.6855  data: 0.1810  max mem: 2485
[09:02:28.692073] Test: [69] Total time: 0:00:51 (5.6983 s / it)
[09:02:28.692199] ***************************************************************
[09:02:28.692403] ****An extra tail dataset should exist for accracy metrics!****
[09:02:28.692423] ***************************************************************
[09:02:28.692444] **** Length of tail: 52 ****
[09:02:35.512423] Actual Batchsize/ world_size {'_n': 4.0}
[09:02:35.512548] {'pixel-level F1': tensor(0.9505, device='cuda:0', dtype=torch.float64)}
[09:02:35.633400] Test <remaining>: [69]  [0/4]  eta: 0:00:27  pixel-level F1: 2.9095 (0.1977)  time: 6.9405  data: 1.3091  max mem: 2485
[09:02:42.421149] Actual Batchsize/ world_size {'_n': 4.0}
[09:02:42.421265] {'pixel-level F1': tensor(1.4683, device='cuda:0', dtype=torch.float64)}
[09:02:42.542279] Test <remaining>: [69]  [1/4]  eta: 0:00:20  pixel-level F1: 2.9095 (0.2023)  time: 6.9245  data: 1.2957  max mem: 2485
[09:02:49.293723] Actual Batchsize/ world_size {'_n': 4.0}
[09:02:49.293842] {'pixel-level F1': tensor(1.3911, device='cuda:0', dtype=torch.float64)}
[09:02:49.414615] Test <remaining>: [69]  [2/4]  eta: 0:00:13  pixel-level F1: 2.7797 (0.2061)  time: 6.9070  data: 1.2778  max mem: 2485
[09:02:51.155700] ====================
[09:02:51.155786] A batch that is not fully loaded was detected at the end of the dataset. The actual batch size for this batch is 4: The default batch size is 16
[09:02:51.155805] ====================
[09:02:51.156308] Actual Batchsize/ world_size {'_n': 1.0}
[09:02:51.156376] {'pixel-level F1': tensor(0.0134, device='cuda:0', dtype=torch.float64)}
[09:02:51.183887] Test <remaining>: [69]  [3/4]  eta: 0:00:05  pixel-level F1: 2.7797 (0.2048)  time: 5.6224  data: 1.0375  max mem: 2485
[09:02:51.184026] Test <remaining>: [69] Total time: 0:00:22 (5.6229 s / it)
[09:02:51.184601] ---syncronized---
[09:02:51.184635] pixel-level F1 reduced_count 616
[09:02:51.184669] pixel-level F1 reduced_sum 121.92169356395947
[09:02:51.184701] ---syncronized done ---
[09:02:55.008977] Averaged stats: pixel-level F1: 2.7797 (0.1979)
[09:02:55.012414] Loading checkpoint: checkpoint-84.pth
[09:03:02.651311] Test: [84]  [0/9]  eta: 0:01:04  pixel-level F1: 4.0557 (0.2535)  time: 7.2157  data: 1.6195  max mem: 2485
[09:03:46.488503] ====================
[09:03:46.488598] A batch that is not fully loaded was detected at the end of the dataset. The actual batch size for this batch is 13: The default batch size is 16
[09:03:46.488617] ====================
[09:03:46.586782] Test: [84]  [8/9]  eta: 0:00:05  pixel-level F1: 3.5983 (0.2339)  time: 5.6834  data: 0.1800  max mem: 2485
[09:03:46.689350] Test: [84] Total time: 0:00:51 (5.6949 s / it)
[09:03:46.689751] ***************************************************************
[09:03:46.689783] ****An extra tail dataset should exist for accracy metrics!****
[09:03:46.689806] ***************************************************************
[09:03:46.689831] **** Length of tail: 52 ****
[09:03:53.800219] Actual Batchsize/ world_size {'_n': 4.0}
[09:03:53.800347] {'pixel-level F1': tensor(0.8440, device='cuda:0', dtype=torch.float64)}
[09:03:53.921031] Test <remaining>: [84]  [0/4]  eta: 0:00:28  pixel-level F1: 3.2213 (0.2333)  time: 7.2306  data: 1.6038  max mem: 2485
[09:04:00.683514] Actual Batchsize/ world_size {'_n': 4.0}
[09:04:00.683631] {'pixel-level F1': tensor(1.4608, device='cuda:0', dtype=torch.float64)}
[09:04:00.804513] Test <remaining>: [84]  [1/4]  eta: 0:00:21  pixel-level F1: 3.2213 (0.2368)  time: 7.0569  data: 1.4311  max mem: 2485
[09:04:07.542523] Actual Batchsize/ world_size {'_n': 4.0}
[09:04:07.542636] {'pixel-level F1': tensor(1.3508, device='cuda:0', dtype=torch.float64)}
[09:04:07.663587] Test <remaining>: [84]  [2/4]  eta: 0:00:13  pixel-level F1: 3.2122 (0.2395)  time: 6.9908  data: 1.3644  max mem: 2485
[09:04:09.427389] ====================
[09:04:09.427478] A batch that is not fully loaded was detected at the end of the dataset. The actual batch size for this batch is 4: The default batch size is 16
[09:04:09.427496] ====================
[09:04:09.427976] Actual Batchsize/ world_size {'_n': 1.0}
[09:04:09.428041] {'pixel-level F1': tensor(0.0129, device='cuda:0', dtype=torch.float64)}
[09:04:09.455647] Test <remaining>: [84]  [3/4]  eta: 0:00:05  pixel-level F1: 3.2122 (0.2380)  time: 5.6910  data: 1.1085  max mem: 2485
[09:04:09.455740] Test <remaining>: [84] Total time: 0:00:22 (5.6914 s / it)
[09:04:09.456463] ---syncronized---
[09:04:09.456495] pixel-level F1 reduced_count 616
[09:04:09.456528] pixel-level F1 reduced_sum 148.50382303570592
[09:04:09.456563] ---syncronized done ---
[09:04:12.956017] Averaged stats: pixel-level F1: 3.2122 (0.2411)
[09:04:12.962291] Loading checkpoint: checkpoint-92.pth
[09:04:20.612469] Test: [92]  [0/9]  eta: 0:01:04  pixel-level F1: 3.2929 (0.2058)  time: 7.2205  data: 1.6248  max mem: 2485
[09:05:04.466711] ====================
[09:05:04.466878] A batch that is not fully loaded was detected at the end of the dataset. The actual batch size for this batch is 13: The default batch size is 16
[09:05:04.466909] ====================
[09:05:04.561257] Test: [92]  [8/9]  eta: 0:00:05  pixel-level F1: 3.2929 (0.1829)  time: 5.6854  data: 0.1806  max mem: 2485
[09:05:04.674079] Test: [92] Total time: 0:00:51 (5.6981 s / it)
[09:05:04.674340] ***************************************************************
[09:05:04.674366] ****An extra tail dataset should exist for accracy metrics!****
[09:05:04.674387] ***************************************************************
[09:05:04.674406] **** Length of tail: 52 ****
[09:05:11.494889] Actual Batchsize/ world_size {'_n': 4.0}
[09:05:11.495019] {'pixel-level F1': tensor(0.9899, device='cuda:0', dtype=torch.float64)}
[09:05:11.615732] Test <remaining>: [92]  [0/4]  eta: 0:00:27  pixel-level F1: 3.0013 (0.1847)  time: 6.9407  data: 1.3123  max mem: 2485
[09:05:18.373291] Actual Batchsize/ world_size {'_n': 4.0}
[09:05:18.373406] {'pixel-level F1': tensor(1.4625, device='cuda:0', dtype=torch.float64)}
[09:05:18.494278] Test <remaining>: [92]  [1/4]  eta: 0:00:20  pixel-level F1: 3.0013 (0.1895)  time: 6.9094  data: 1.2812  max mem: 2485
[09:05:25.226965] Actual Batchsize/ world_size {'_n': 4.0}
[09:05:25.227088] {'pixel-level F1': tensor(1.5603, device='cuda:0', dtype=torch.float64)}
[09:05:25.347852] Test <remaining>: [92]  [2/4]  eta: 0:00:13  pixel-level F1: 1.8403 (0.1948)  time: 6.8907  data: 1.2623  max mem: 2485
[09:05:27.087936] ====================
[09:05:27.088016] A batch that is not fully loaded was detected at the end of the dataset. The actual batch size for this batch is 4: The default batch size is 16
[09:05:27.088034] ====================
[09:05:27.088511] Actual Batchsize/ world_size {'_n': 1.0}
[09:05:27.088576] {'pixel-level F1': tensor(0.0143, device='cuda:0', dtype=torch.float64)}
[09:05:27.116207] Test <remaining>: [92]  [3/4]  eta: 0:00:05  pixel-level F1: 1.8403 (0.1936)  time: 5.6100  data: 1.0259  max mem: 2485
[09:05:27.116306] Test <remaining>: [92] Total time: 0:00:22 (5.6104 s / it)
[09:05:27.116910] ---syncronized---
[09:05:27.116945] pixel-level F1 reduced_count 616
[09:05:27.116979] pixel-level F1 reduced_sum 112.51821376430502
[09:05:27.117012] ---syncronized done ---
[09:05:30.603354] Averaged stats: pixel-level F1: 1.8403 (0.1827)
[09:05:30.609629] Loading checkpoint: checkpoint-100.pth
[09:05:38.292306] Test: [100]  [0/9]  eta: 0:01:05  pixel-level F1: 3.5996 (0.2250)  time: 7.2347  data: 1.6302  max mem: 2485
[09:06:22.210360] ====================
[09:06:22.210487] A batch that is not fully loaded was detected at the end of the dataset. The actual batch size for this batch is 13: The default batch size is 16
[09:06:22.210507] ====================
[09:06:22.308574] Test: [100]  [8/9]  eta: 0:00:05  pixel-level F1: 3.2677 (0.2133)  time: 5.6945  data: 0.1813  max mem: 2485
[09:06:22.405961] Test: [100] Total time: 0:00:51 (5.7055 s / it)
[09:06:22.406325] ***************************************************************
[09:06:22.406373] ****An extra tail dataset should exist for accracy metrics!****
[09:06:22.406410] ***************************************************************
[09:06:22.406470] **** Length of tail: 52 ****
[09:06:29.234894] Actual Batchsize/ world_size {'_n': 4.0}
[09:06:29.235037] {'pixel-level F1': tensor(1.1534, device='cuda:0', dtype=torch.float64)}
[09:06:29.356157] Test <remaining>: [100]  [0/4]  eta: 0:00:27  pixel-level F1: 3.2432 (0.2154)  time: 6.9489  data: 1.3158  max mem: 2485
[09:06:36.147134] Actual Batchsize/ world_size {'_n': 4.0}
[09:06:36.147259] {'pixel-level F1': tensor(1.3255, device='cuda:0', dtype=torch.float64)}
[09:06:36.267941] Test <remaining>: [100]  [1/4]  eta: 0:00:20  pixel-level F1: 3.2432 (0.2185)  time: 6.9301  data: 1.3028  max mem: 2485
[09:06:43.032545] Actual Batchsize/ world_size {'_n': 4.0}
[09:06:43.032671] {'pixel-level F1': tensor(1.3230, device='cuda:0', dtype=torch.float64)}
[09:06:43.153353] Test <remaining>: [100]  [2/4]  eta: 0:00:13  pixel-level F1: 2.9446 (0.2215)  time: 6.9151  data: 1.2869  max mem: 2485
[09:06:44.889927] ====================
[09:06:44.890015] A batch that is not fully loaded was detected at the end of the dataset. The actual batch size for this batch is 4: The default batch size is 16
[09:06:44.890033] ====================
[09:06:44.890552] Actual Batchsize/ world_size {'_n': 1.0}
[09:06:44.890620] {'pixel-level F1': tensor(0.0128, device='cuda:0', dtype=torch.float64)}
[09:06:44.918205] Test <remaining>: [100]  [3/4]  eta: 0:00:05  pixel-level F1: 2.9446 (0.2201)  time: 5.6274  data: 1.0434  max mem: 2485
[09:06:44.918312] Test <remaining>: [100] Total time: 0:00:22 (5.6279 s / it)
[09:06:44.919121] ---syncronized---
[09:06:44.919157] pixel-level F1 reduced_count 616
[09:06:44.919190] pixel-level F1 reduced_sum 124.84719767529987
[09:06:44.919223] ---syncronized done ---
[09:06:48.712656] Averaged stats: pixel-level F1: 2.9446 (0.2027)
[09:06:48.716042] Loading checkpoint: checkpoint-104.pth
[09:06:56.466969] Test: [104]  [0/9]  eta: 0:01:05  pixel-level F1: 2.9417 (0.1839)  time: 7.3060  data: 1.7087  max mem: 2485
[09:07:40.312130] ====================
[09:07:40.312243] A batch that is not fully loaded was detected at the end of the dataset. The actual batch size for this batch is 13: The default batch size is 16
[09:07:40.312262] ====================
[09:07:40.410013] Test: [104]  [8/9]  eta: 0:00:05  pixel-level F1: 4.1801 (0.2644)  time: 5.6943  data: 0.1899  max mem: 2485
[09:07:40.523426] Test: [104] Total time: 0:00:51 (5.7070 s / it)
[09:07:40.523725] ***************************************************************
[09:07:40.523749] ****An extra tail dataset should exist for accracy metrics!****
[09:07:40.523766] ***************************************************************
[09:07:40.523785] **** Length of tail: 52 ****
[09:07:47.360511] Actual Batchsize/ world_size {'_n': 4.0}
[09:07:47.360636] {'pixel-level F1': tensor(1.1141, device='cuda:0', dtype=torch.float64)}
[09:07:47.481175] Test <remaining>: [104]  [0/4]  eta: 0:00:27  pixel-level F1: 4.1365 (0.2648)  time: 6.9568  data: 1.3276  max mem: 2485
[09:07:54.259280] Actual Batchsize/ world_size {'_n': 4.0}
[09:07:54.259397] {'pixel-level F1': tensor(1.4817, device='cuda:0', dtype=torch.float64)}
[09:07:54.380149] Test <remaining>: [104]  [1/4]  eta: 0:00:20  pixel-level F1: 4.1365 (0.2676)  time: 6.9277  data: 1.2998  max mem: 2485
[09:08:01.137158] Actual Batchsize/ world_size {'_n': 4.0}
[09:08:01.137277] {'pixel-level F1': tensor(1.4354, device='cuda:0', dtype=torch.float64)}
[09:08:01.257975] Test <remaining>: [104]  [2/4]  eta: 0:00:13  pixel-level F1: 3.2627 (0.2700)  time: 6.9109  data: 1.2827  max mem: 2485
[09:08:03.017150] ====================
[09:08:03.017233] A batch that is not fully loaded was detected at the end of the dataset. The actual batch size for this batch is 4: The default batch size is 16
[09:08:03.017251] ====================
[09:08:03.017749] Actual Batchsize/ world_size {'_n': 1.0}
[09:08:03.017814] {'pixel-level F1': tensor(0.0129, device='cuda:0', dtype=torch.float64)}
[09:08:03.045218] Test <remaining>: [104]  [3/4]  eta: 0:00:05  pixel-level F1: 3.2627 (0.2684)  time: 5.6299  data: 1.0459  max mem: 2485
[09:08:03.045326] Test <remaining>: [104] Total time: 0:00:22 (5.6303 s / it)
[09:08:03.045907] ---syncronized---
[09:08:03.045938] pixel-level F1 reduced_count 616
[09:08:03.045972] pixel-level F1 reduced_sum 152.60330401080057
[09:08:03.046005] ---syncronized done ---
[09:08:06.116029] Averaged stats: pixel-level F1: 3.2627 (0.2477)
[09:08:06.122311] Loading checkpoint: checkpoint-124.pth
[09:08:13.926478] Test: [124]  [0/9]  eta: 0:01:06  pixel-level F1: 4.3043 (0.2690)  time: 7.3541  data: 1.7554  max mem: 2485
[09:08:57.795650] ====================
[09:08:57.795774] A batch that is not fully loaded was detected at the end of the dataset. The actual batch size for this batch is 13: The default batch size is 16
[09:08:57.795793] ====================
[09:08:57.893631] Test: [124]  [8/9]  eta: 0:00:05  pixel-level F1: 4.3043 (0.2705)  time: 5.7023  data: 0.1951  max mem: 2485
[09:08:57.999643] Test: [124] Total time: 0:00:51 (5.7142 s / it)
[09:08:57.999972] ***************************************************************
[09:08:58.000002] ****An extra tail dataset should exist for accracy metrics!****
[09:08:58.000025] ***************************************************************
[09:08:58.000053] **** Length of tail: 52 ****
[09:09:04.840136] Actual Batchsize/ world_size {'_n': 4.0}
[09:09:04.840259] {'pixel-level F1': tensor(1.0596, device='cuda:0', dtype=torch.float64)}
[09:09:04.961292] Test <remaining>: [124]  [0/4]  eta: 0:00:27  pixel-level F1: 4.2838 (0.2704)  time: 6.9606  data: 1.3275  max mem: 2485
[09:09:11.748312] Actual Batchsize/ world_size {'_n': 4.0}
[09:09:11.748436] {'pixel-level F1': tensor(1.5830, device='cuda:0', dtype=torch.float64)}
[09:09:11.869193] Test <remaining>: [124]  [1/4]  eta: 0:00:20  pixel-level F1: 4.2838 (0.2737)  time: 6.9341  data: 1.3028  max mem: 2485
[09:09:18.652125] Actual Batchsize/ world_size {'_n': 4.0}
[09:09:18.652240] {'pixel-level F1': tensor(1.3850, device='cuda:0', dtype=torch.float64)}
[09:09:18.773191] Test <remaining>: [124]  [2/4]  eta: 0:00:13  pixel-level F1: 3.9861 (0.2756)  time: 6.9239  data: 1.2929  max mem: 2485
[09:09:20.511979] ====================
[09:09:20.512076] A batch that is not fully loaded was detected at the end of the dataset. The actual batch size for this batch is 4: The default batch size is 16
[09:09:20.512094] ====================
[09:09:20.512606] Actual Batchsize/ world_size {'_n': 1.0}
[09:09:20.512676] {'pixel-level F1': tensor(0.0120, device='cuda:0', dtype=torch.float64)}
[09:09:20.540501] Test <remaining>: [124]  [3/4]  eta: 0:00:05  pixel-level F1: 3.9861 (0.2739)  time: 5.6346  data: 1.0482  max mem: 2485
[09:09:20.540599] Test <remaining>: [124] Total time: 0:00:22 (5.6351 s / it)
[09:09:20.541312] ---syncronized---
[09:09:20.541367] pixel-level F1 reduced_count 616
[09:09:20.541421] pixel-level F1 reduced_sum 156.70039306028062
[09:09:20.541478] ---syncronized done ---
[09:09:24.461496] Averaged stats: pixel-level F1: 3.9861 (0.2544)
[09:09:24.467764] Testing on dataset NIST16_1024 takes 0:23:06
[09:09:24.470402] <IMDLBenCo.datasets.iml_datasets.JsonDataset object at 0x7ff70e74f190>
[09:09:24.470467] len(dataset_test) 100
[09:09:24.470535] Sampler_test = <torch.utils.data.distributed.DistributedSampler object at 0x7ff70417e110>
[09:09:24.470784] Start testing on coverage! 
[09:09:24.470862] ['checkpoint-104.pth', 'checkpoint-69.pth', 'checkpoint-100.pth', 'checkpoint-36.pth', 'checkpoint-44.pth', 'checkpoint-50.pth', 'checkpoint-51.pth', 'checkpoint-92.pth', 'checkpoint-124.pth', 'checkpoint-60.pth', 'checkpoint-84.pth']
[09:09:24.470926] sorted checkpoint pairs in the ckpt dir:  [(36, 'checkpoint-36.pth'), (44, 'checkpoint-44.pth'), (50, 'checkpoint-50.pth'), (51, 'checkpoint-51.pth'), (60, 'checkpoint-60.pth'), (69, 'checkpoint-69.pth'), (84, 'checkpoint-84.pth'), (92, 'checkpoint-92.pth'), (100, 'checkpoint-100.pth'), (104, 'checkpoint-104.pth'), (124, 'checkpoint-124.pth')]
[09:09:24.470965] Loading checkpoint: checkpoint-36.pth
[09:09:31.519781] Test: [36]  [0/2]  eta: 0:00:13  pixel-level F1: 1.2211 (0.0763)  time: 6.6046  data: 1.0064  max mem: 2485
[09:09:34.656490] ====================
[09:09:34.656586] A batch that is not fully loaded was detected at the end of the dataset. The actual batch size for this batch is 9: The default batch size is 16
[09:09:34.656605] ====================
[09:09:34.719264] Test: [36]  [1/2]  eta: 0:00:04  pixel-level F1: 1.2211 (0.1320)  time: 4.9018  data: 0.5032  max mem: 2485
[09:09:34.812169] Test: [36] Total time: 0:00:09 (4.9488 s / it)
[09:09:34.812435] ***************************************************************
[09:09:34.812467] ****An extra tail dataset should exist for accracy metrics!****
[09:09:34.812490] ***************************************************************
[09:09:34.812518] **** Length of tail: 36 ****
[09:09:40.807986] Actual Batchsize/ world_size {'_n': 4.0}
[09:09:40.808126] {'pixel-level F1': tensor(0.7455, device='cuda:0', dtype=torch.float64)}
[09:09:40.928734] Test <remaining>: [36]  [0/3]  eta: 0:00:18  pixel-level F1: 1.2211 (0.1395)  time: 6.1157  data: 0.4976  max mem: 2485
[09:09:46.986648] Actual Batchsize/ world_size {'_n': 4.0}
[09:09:46.986764] {'pixel-level F1': tensor(0.0881, device='cuda:0', dtype=torch.float64)}
[09:09:47.107503] Test <remaining>: [36]  [1/3]  eta: 0:00:12  pixel-level F1: 0.7455 (0.1253)  time: 6.1470  data: 0.5287  max mem: 2485
[09:09:48.683417] ====================
[09:09:48.683503] A batch that is not fully loaded was detected at the end of the dataset. The actual batch size for this batch is 4: The default batch size is 16
[09:09:48.683521] ====================
[09:09:48.684072] Actual Batchsize/ world_size {'_n': 1.0}
[09:09:48.684144] {'pixel-level F1': tensor(0.2170, device='cuda:0', dtype=torch.float64)}
[09:09:48.711499] Test <remaining>: [36]  [2/3]  eta: 0:00:04  pixel-level F1: 0.7455 (0.1280)  time: 4.6326  data: 0.4031  max mem: 2485
[09:09:48.711598] Test <remaining>: [36] Total time: 0:00:13 (4.6330 s / it)
[09:09:48.712276] ---syncronized---
[09:09:48.712311] pixel-level F1 reduced_count 136
[09:09:48.712344] pixel-level F1 reduced_sum 14.655982980536827
[09:09:48.712379] ---syncronized done ---
[09:09:51.764874] Averaged stats: pixel-level F1: 0.7455 (0.1078)
[09:09:51.771764] Loading checkpoint: checkpoint-44.pth
[09:09:58.647383] Test: [44]  [0/2]  eta: 0:00:12  pixel-level F1: 2.3130 (0.1446)  time: 6.4423  data: 0.8457  max mem: 2485
[09:10:01.775817] ====================
[09:10:01.775905] A batch that is not fully loaded was detected at the end of the dataset. The actual batch size for this batch is 9: The default batch size is 16
[09:10:01.775923] ====================
[09:10:01.842724] Test: [44]  [1/2]  eta: 0:00:04  pixel-level F1: 1.3310 (0.1458)  time: 4.8186  data: 0.4229  max mem: 2485
[09:10:01.949696] Test: [44] Total time: 0:00:09 (4.8728 s / it)
[09:10:01.950011] ***************************************************************
[09:10:01.950057] ****An extra tail dataset should exist for accracy metrics!****
[09:10:01.950094] ***************************************************************
[09:10:01.950133] **** Length of tail: 36 ****
[09:10:07.846228] Actual Batchsize/ world_size {'_n': 4.0}
[09:10:07.846349] {'pixel-level F1': tensor(0.6207, device='cuda:0', dtype=torch.float64)}
[09:10:07.967110] Test <remaining>: [44]  [0/3]  eta: 0:00:18  pixel-level F1: 1.3310 (0.1471)  time: 6.0165  data: 0.3984  max mem: 2485
[09:10:13.853474] Actual Batchsize/ world_size {'_n': 4.0}
[09:10:13.853632] {'pixel-level F1': tensor(0.2496, device='cuda:0', dtype=torch.float64)}
[09:10:13.974394] Test <remaining>: [44]  [1/3]  eta: 0:00:12  pixel-level F1: 0.6207 (0.1368)  time: 6.0117  data: 0.3912  max mem: 2485
[09:10:15.479580] ====================
[09:10:15.479659] A batch that is not fully loaded was detected at the end of the dataset. The actual batch size for this batch is 4: The default batch size is 16
[09:10:15.479677] ====================
[09:10:15.480168] Actual Batchsize/ world_size {'_n': 1.0}
[09:10:15.480234] {'pixel-level F1': tensor(0., device='cuda:0', dtype=torch.float64)}
[09:10:15.507575] Test <remaining>: [44]  [2/3]  eta: 0:00:04  pixel-level F1: 0.6207 (0.1328)  time: 4.5187  data: 0.2882  max mem: 2485
[09:10:15.507697] Test <remaining>: [44] Total time: 0:00:13 (4.5191 s / it)
[09:10:15.508384] ---syncronized---
[09:10:15.508419] pixel-level F1 reduced_count 136
[09:10:15.508454] pixel-level F1 reduced_sum 18.821714525838356
[09:10:15.508490] ---syncronized done ---
[09:10:18.546860] Averaged stats: pixel-level F1: 0.6207 (0.1384)
[09:10:18.553461] Loading checkpoint: checkpoint-50.pth
[09:10:25.619797] Test: [50]  [0/2]  eta: 0:00:12  pixel-level F1: 1.9332 (0.1208)  time: 6.4452  data: 0.8480  max mem: 2485
[09:10:28.746346] ====================
[09:10:28.746432] A batch that is not fully loaded was detected at the end of the dataset. The actual batch size for this batch is 9: The default batch size is 16
[09:10:28.746452] ====================
[09:10:28.813137] Test: [50]  [1/2]  eta: 0:00:04  pixel-level F1: 1.1531 (0.1235)  time: 4.8190  data: 0.4240  max mem: 2485
[09:10:28.916883] Test: [50] Total time: 0:00:09 (4.8714 s / it)
[09:10:28.917179] ***************************************************************
[09:10:28.917219] ****An extra tail dataset should exist for accracy metrics!****
[09:10:28.917250] ***************************************************************
[09:10:28.917283] **** Length of tail: 36 ****
[09:10:34.795953] Actual Batchsize/ world_size {'_n': 4.0}
[09:10:34.796078] {'pixel-level F1': tensor(0.5494, device='cuda:0', dtype=torch.float64)}
[09:10:34.912874] Test <remaining>: [50]  [0/3]  eta: 0:00:17  pixel-level F1: 1.1531 (0.1254)  time: 5.9950  data: 0.3749  max mem: 2485
[09:10:40.905817] Actual Batchsize/ world_size {'_n': 4.0}
[09:10:40.905924] {'pixel-level F1': tensor(0.2974, device='cuda:0', dtype=torch.float64)}
[09:10:41.026577] Test <remaining>: [50]  [1/3]  eta: 0:00:12  pixel-level F1: 0.5494 (0.1192)  time: 6.0542  data: 0.4306  max mem: 2485
[09:10:42.528187] ====================
[09:10:42.528262] A batch that is not fully loaded was detected at the end of the dataset. The actual batch size for this batch is 4: The default batch size is 16
[09:10:42.528280] ====================
[09:10:42.528763] Actual Batchsize/ world_size {'_n': 1.0}
[09:10:42.528828] {'pixel-level F1': tensor(5.1347e-05, device='cuda:0', dtype=torch.float64)}
[09:10:42.556368] Test <remaining>: [50]  [2/3]  eta: 0:00:04  pixel-level F1: 0.5494 (0.1157)  time: 4.5459  data: 0.3136  max mem: 2485
[09:10:42.556468] Test <remaining>: [50] Total time: 0:00:13 (4.5463 s / it)
[09:10:42.557188] ---syncronized---
[09:10:42.557222] pixel-level F1 reduced_count 136
[09:10:42.557257] pixel-level F1 reduced_sum 19.252534003182323
[09:10:42.557292] ---syncronized done ---
[09:10:45.348674] Averaged stats: pixel-level F1: 0.5494 (0.1416)
[09:10:45.355512] Loading checkpoint: checkpoint-51.pth
[09:10:52.211565] Test: [51]  [0/2]  eta: 0:00:12  pixel-level F1: 1.3874 (0.0867)  time: 6.4477  data: 0.8524  max mem: 2485
[09:10:55.339789] ====================
[09:10:55.339871] A batch that is not fully loaded was detected at the end of the dataset. The actual batch size for this batch is 9: The default batch size is 16
[09:10:55.339890] ====================
[09:10:55.406917] Test: [51]  [1/2]  eta: 0:00:04  pixel-level F1: 1.3874 (0.1122)  time: 4.8213  data: 0.4262  max mem: 2485
[09:10:55.514871] Test: [51] Total time: 0:00:09 (4.8758 s / it)
[09:10:55.515149] ***************************************************************
[09:10:55.515172] ****An extra tail dataset should exist for accracy metrics!****
[09:10:55.515188] ***************************************************************
[09:10:55.515207] **** Length of tail: 36 ****
[09:11:01.408283] Actual Batchsize/ world_size {'_n': 4.0}
[09:11:01.408399] {'pixel-level F1': tensor(0.6594, device='cuda:0', dtype=torch.float64)}
[09:11:01.529219] Test <remaining>: [51]  [0/3]  eta: 0:00:18  pixel-level F1: 1.3874 (0.1195)  time: 6.0136  data: 0.3933  max mem: 2485
[09:11:07.417176] Actual Batchsize/ world_size {'_n': 4.0}
[09:11:07.417285] {'pixel-level F1': tensor(0.0879, device='cuda:0', dtype=torch.float64)}
[09:11:07.538085] Test <remaining>: [51]  [1/3]  eta: 0:00:12  pixel-level F1: 0.6594 (0.1076)  time: 6.0110  data: 0.3888  max mem: 2485
[09:11:09.038999] ====================
[09:11:09.039077] A batch that is not fully loaded was detected at the end of the dataset. The actual batch size for this batch is 4: The default batch size is 16
[09:11:09.039095] ====================
[09:11:09.039582] Actual Batchsize/ world_size {'_n': 1.0}
[09:11:09.039647] {'pixel-level F1': tensor(0.0080, device='cuda:0', dtype=torch.float64)}
[09:11:09.067205] Test <remaining>: [51]  [2/3]  eta: 0:00:04  pixel-level F1: 0.6594 (0.1047)  time: 4.5169  data: 0.2858  max mem: 2485
[09:11:09.067302] Test <remaining>: [51] Total time: 0:00:13 (4.5173 s / it)
[09:11:09.067918] ---syncronized---
[09:11:09.067953] pixel-level F1 reduced_count 136
[09:11:09.067987] pixel-level F1 reduced_sum 17.75936320537948
[09:11:09.068023] ---syncronized done ---
[09:11:11.953143] Averaged stats: pixel-level F1: 0.6594 (0.1306)
[09:11:11.959887] Loading checkpoint: checkpoint-60.pth
[09:11:18.814150] Test: [60]  [0/2]  eta: 0:00:12  pixel-level F1: 1.5470 (0.0967)  time: 6.4559  data: 0.8588  max mem: 2485
[09:11:21.944196] ====================
[09:11:21.944279] A batch that is not fully loaded was detected at the end of the dataset. The actual batch size for this batch is 9: The default batch size is 16
[09:11:21.944297] ====================
[09:11:22.011177] Test: [60]  [1/2]  eta: 0:00:04  pixel-level F1: 1.5470 (0.1302)  time: 4.8263  data: 0.4295  max mem: 2485
[09:11:22.114985] Test: [60] Total time: 0:00:09 (4.8787 s / it)
[09:11:22.115318] ***************************************************************
[09:11:22.115338] ****An extra tail dataset should exist for accracy metrics!****
[09:11:22.115354] ***************************************************************
[09:11:22.115372] **** Length of tail: 36 ****
[09:11:27.993534] Actual Batchsize/ world_size {'_n': 4.0}
[09:11:27.993654] {'pixel-level F1': tensor(0.1291, device='cuda:0', dtype=torch.float64)}
[09:11:28.114174] Test <remaining>: [60]  [0/3]  eta: 0:00:17  pixel-level F1: 1.5470 (0.1167)  time: 5.9983  data: 0.3765  max mem: 2485
[09:11:33.986239] Actual Batchsize/ world_size {'_n': 4.0}
[09:11:33.986353] {'pixel-level F1': tensor(0.4235, device='cuda:0', dtype=torch.float64)}
[09:11:34.106961] Test <remaining>: [60]  [1/3]  eta: 0:00:11  pixel-level F1: 0.4235 (0.1154)  time: 5.9954  data: 0.3728  max mem: 2485
[09:11:35.607007] ====================
[09:11:35.607081] A batch that is not fully loaded was detected at the end of the dataset. The actual batch size for this batch is 4: The default batch size is 16
[09:11:35.607100] ====================
[09:11:35.607648] Actual Batchsize/ world_size {'_n': 1.0}
[09:11:35.607719] {'pixel-level F1': tensor(0., device='cuda:0', dtype=torch.float64)}
[09:11:35.634887] Test <remaining>: [60]  [2/3]  eta: 0:00:04  pixel-level F1: 0.4235 (0.1120)  time: 4.5061  data: 0.2746  max mem: 2485
[09:11:35.634982] Test <remaining>: [60] Total time: 0:00:13 (4.5065 s / it)
[09:11:35.635599] ---syncronized---
[09:11:35.635634] pixel-level F1 reduced_count 136
[09:11:35.635669] pixel-level F1 reduced_sum 15.291548838312742
[09:11:35.635704] ---syncronized done ---
[09:11:38.085656] Averaged stats: pixel-level F1: 0.4235 (0.1124)
[09:11:38.092119] Loading checkpoint: checkpoint-69.pth
[09:11:44.939148] Test: [69]  [0/2]  eta: 0:00:12  pixel-level F1: 3.4603 (0.2163)  time: 6.4430  data: 0.8443  max mem: 2485
[09:11:48.067581] ====================
[09:11:48.067650] A batch that is not fully loaded was detected at the end of the dataset. The actual batch size for this batch is 9: The default batch size is 16
[09:11:48.067669] ====================
[09:11:48.134714] Test: [69]  [1/2]  eta: 0:00:04  pixel-level F1: 1.2969 (0.1903)  time: 4.8190  data: 0.4222  max mem: 2485
[09:11:48.242767] Test: [69] Total time: 0:00:09 (4.8736 s / it)
[09:11:48.242880] ***************************************************************
[09:11:48.243054] ****An extra tail dataset should exist for accracy metrics!****
[09:11:48.243088] ***************************************************************
[09:11:48.243108] **** Length of tail: 36 ****
[09:11:54.132686] Actual Batchsize/ world_size {'_n': 4.0}
[09:11:54.132810] {'pixel-level F1': tensor(0.5455, device='cuda:0', dtype=torch.float64)}
[09:11:54.253748] Test <remaining>: [69]  [0/3]  eta: 0:00:18  pixel-level F1: 1.2969 (0.1829)  time: 6.0102  data: 0.3868  max mem: 2485
[09:12:00.183303] Actual Batchsize/ world_size {'_n': 4.0}
[09:12:00.183416] {'pixel-level F1': tensor(0.6408, device='cuda:0', dtype=torch.float64)}
[09:12:00.304539] Test <remaining>: [69]  [1/3]  eta: 0:00:12  pixel-level F1: 0.6408 (0.1801)  time: 6.0302  data: 0.4052  max mem: 2485
[09:12:01.807139] ====================
[09:12:01.807225] A batch that is not fully loaded was detected at the end of the dataset. The actual batch size for this batch is 4: The default batch size is 16
[09:12:01.807243] ====================
[09:12:01.807737] Actual Batchsize/ world_size {'_n': 1.0}
[09:12:01.807802] {'pixel-level F1': tensor(0.1166, device='cuda:0', dtype=torch.float64)}
[09:12:01.835408] Test <remaining>: [69]  [2/3]  eta: 0:00:04  pixel-level F1: 0.6408 (0.1782)  time: 4.5303  data: 0.2973  max mem: 2485
[09:12:01.835512] Test <remaining>: [69] Total time: 0:00:13 (4.5308 s / it)
[09:12:01.835989] ---syncronized---
[09:12:01.836023] pixel-level F1 reduced_count 136
[09:12:01.836058] pixel-level F1 reduced_sum 24.44932866478128
[09:12:01.836095] ---syncronized done ---
[09:12:04.335229] Averaged stats: pixel-level F1: 0.6408 (0.1798)
[09:12:04.341994] Loading checkpoint: checkpoint-84.pth
[09:12:11.199397] Test: [84]  [0/2]  eta: 0:00:12  pixel-level F1: 2.3729 (0.1483)  time: 6.4501  data: 0.8521  max mem: 2485
[09:12:14.328787] ====================
[09:12:14.328864] A batch that is not fully loaded was detected at the end of the dataset. The actual batch size for this batch is 9: The default batch size is 16
[09:12:14.328882] ====================
[09:12:14.395876] Test: [84]  [1/2]  eta: 0:00:04  pixel-level F1: 2.0323 (0.1762)  time: 4.8231  data: 0.4261  max mem: 2485
[09:12:14.491685] Test: [84] Total time: 0:00:09 (4.8715 s / it)
[09:12:14.491791] ***************************************************************
[09:12:14.491823] ****An extra tail dataset should exist for accracy metrics!****
[09:12:14.491997] ***************************************************************
[09:12:14.492018] **** Length of tail: 36 ****
[09:12:20.371895] Actual Batchsize/ world_size {'_n': 4.0}
[09:12:20.372024] {'pixel-level F1': tensor(0.6222, device='cuda:0', dtype=torch.float64)}
[09:12:20.492803] Test <remaining>: [84]  [0/3]  eta: 0:00:18  pixel-level F1: 2.0323 (0.1734)  time: 6.0002  data: 0.3761  max mem: 2485
[09:12:26.361918] Actual Batchsize/ world_size {'_n': 4.0}
[09:12:26.362034] {'pixel-level F1': tensor(0.9690, device='cuda:0', dtype=torch.float64)}
[09:12:26.482931] Test <remaining>: [84]  [1/3]  eta: 0:00:11  pixel-level F1: 0.9690 (0.1817)  time: 5.9950  data: 0.3719  max mem: 2485
[09:12:27.984145] ====================
[09:12:27.984221] A batch that is not fully loaded was detected at the end of the dataset. The actual batch size for this batch is 4: The default batch size is 16
[09:12:27.984240] ====================
[09:12:27.984717] Actual Batchsize/ world_size {'_n': 1.0}
[09:12:27.984784] {'pixel-level F1': tensor(0.1401, device='cuda:0', dtype=torch.float64)}
[09:12:28.012333] Test <remaining>: [84]  [2/3]  eta: 0:00:04  pixel-level F1: 0.9690 (0.1805)  time: 4.5063  data: 0.2742  max mem: 2485
[09:12:28.012438] Test <remaining>: [84] Total time: 0:00:13 (4.5068 s / it)
[09:12:28.013534] ---syncronized---
[09:12:28.013570] pixel-level F1 reduced_count 136
[09:12:28.013603] pixel-level F1 reduced_sum 30.013240897099983
[09:12:28.013639] ---syncronized done ---
[09:12:30.732416] Averaged stats: pixel-level F1: 0.9690 (0.2207)
[09:12:30.739256] Loading checkpoint: checkpoint-92.pth
[09:12:37.620208] Test: [92]  [0/2]  eta: 0:00:12  pixel-level F1: 3.4241 (0.2140)  time: 6.4739  data: 0.8758  max mem: 2485
[09:12:40.748620] ====================
[09:12:40.748688] A batch that is not fully loaded was detected at the end of the dataset. The actual batch size for this batch is 9: The default batch size is 16
[09:12:40.748707] ====================
[09:12:40.815635] Test: [92]  [1/2]  eta: 0:00:04  pixel-level F1: 1.5473 (0.1989)  time: 4.8344  data: 0.4380  max mem: 2485
[09:12:40.919812] Test: [92] Total time: 0:00:09 (4.8870 s / it)
[09:12:40.919932] ***************************************************************
[09:12:40.919952] ****An extra tail dataset should exist for accracy metrics!****
[09:12:40.920126] ***************************************************************
[09:12:40.920147] **** Length of tail: 36 ****
[09:12:46.790812] Actual Batchsize/ world_size {'_n': 4.0}
[09:12:46.790926] {'pixel-level F1': tensor(0.8075, device='cuda:0', dtype=torch.float64)}
[09:12:46.911565] Test <remaining>: [92]  [0/3]  eta: 0:00:17  pixel-level F1: 1.5473 (0.1993)  time: 5.9910  data: 0.3717  max mem: 2485
[09:12:52.796237] Actual Batchsize/ world_size {'_n': 4.0}
[09:12:52.796354] {'pixel-level F1': tensor(0.6768, device='cuda:0', dtype=torch.float64)}
[09:12:52.917143] Test <remaining>: [92]  [1/3]  eta: 0:00:11  pixel-level F1: 0.8075 (0.1956)  time: 5.9981  data: 0.3770  max mem: 2485
[09:12:54.421630] ====================
[09:12:54.421716] A batch that is not fully loaded was detected at the end of the dataset. The actual batch size for this batch is 4: The default batch size is 16
[09:12:54.421733] ====================
[09:12:54.422217] Actual Batchsize/ world_size {'_n': 1.0}
[09:12:54.422283] {'pixel-level F1': tensor(0.0425, device='cuda:0', dtype=torch.float64)}
[09:12:54.449794] Test <remaining>: [92]  [2/3]  eta: 0:00:04  pixel-level F1: 0.8075 (0.1911)  time: 4.5095  data: 0.2787  max mem: 2485
[09:12:54.449883] Test <remaining>: [92] Total time: 0:00:13 (4.5099 s / it)
[09:12:54.450374] ---syncronized---
[09:12:54.450408] pixel-level F1 reduced_count 136
[09:12:54.450452] pixel-level F1 reduced_sum 26.648781642133233
[09:12:54.450487] ---syncronized done ---
[09:12:57.056064] Averaged stats: pixel-level F1: 0.8075 (0.1959)
[09:12:57.062704] Loading checkpoint: checkpoint-100.pth
[09:13:03.936351] Test: [100]  [0/2]  eta: 0:00:12  pixel-level F1: 5.3571 (0.3348)  time: 6.4443  data: 0.8436  max mem: 2485
[09:13:07.072760] ====================
[09:13:07.072882] A batch that is not fully loaded was detected at the end of the dataset. The actual batch size for this batch is 9: The default batch size is 16
[09:13:07.072914] ====================
[09:13:07.136216] Test: [100]  [1/2]  eta: 0:00:04  pixel-level F1: 2.3144 (0.3069)  time: 4.8219  data: 0.4219  max mem: 2485
[09:13:07.234723] Test: [100] Total time: 0:00:09 (4.8717 s / it)
[09:13:07.234952] ***************************************************************
[09:13:07.234983] ****An extra tail dataset should exist for accracy metrics!****
[09:13:07.235011] ***************************************************************
[09:13:07.235042] **** Length of tail: 36 ****
[09:13:13.133969] Actual Batchsize/ world_size {'_n': 4.0}
[09:13:13.134086] {'pixel-level F1': tensor(0.6675, device='cuda:0', dtype=torch.float64)}
[09:13:13.254902] Test <remaining>: [100]  [0/3]  eta: 0:00:18  pixel-level F1: 2.3144 (0.2876)  time: 6.0193  data: 0.3932  max mem: 2485
[09:13:19.135068] Actual Batchsize/ world_size {'_n': 4.0}
[09:13:19.135190] {'pixel-level F1': tensor(0.9626, device='cuda:0', dtype=torch.float64)}
[09:13:19.255855] Test <remaining>: [100]  [1/3]  eta: 0:00:12  pixel-level F1: 0.9626 (0.2819)  time: 6.0099  data: 0.3838  max mem: 2485
[09:13:20.758344] ====================
[09:13:20.758410] A batch that is not fully loaded was detected at the end of the dataset. The actual batch size for this batch is 4: The default batch size is 16
[09:13:20.758440] ====================
[09:13:20.758952] Actual Batchsize/ world_size {'_n': 1.0}
[09:13:20.759016] {'pixel-level F1': tensor(0.4227, device='cuda:0', dtype=torch.float64)}
[09:13:20.786521] Test <remaining>: [100]  [2/3]  eta: 0:00:04  pixel-level F1: 0.9626 (0.2860)  time: 4.5167  data: 0.2830  max mem: 2485
[09:13:20.786652] Test <remaining>: [100] Total time: 0:00:13 (4.5171 s / it)
[09:13:20.787367] ---syncronized---
[09:13:20.787400] pixel-level F1 reduced_count 136
[09:13:20.787432] pixel-level F1 reduced_sum 32.265963932512726
[09:13:20.787467] ---syncronized done ---
[09:13:23.293088] Averaged stats: pixel-level F1: 0.9626 (0.2372)
[09:13:23.299982] Loading checkpoint: checkpoint-104.pth
[09:13:30.184267] Test: [104]  [0/2]  eta: 0:00:12  pixel-level F1: 3.7620 (0.2351)  time: 6.4530  data: 0.8571  max mem: 2485
[09:13:33.311741] ====================
[09:13:33.311836] A batch that is not fully loaded was detected at the end of the dataset. The actual batch size for this batch is 9: The default batch size is 16
[09:13:33.311854] ====================
[09:13:33.378916] Test: [104]  [1/2]  eta: 0:00:04  pixel-level F1: 1.4253 (0.2075)  time: 4.8236  data: 0.4286  max mem: 2485
[09:13:33.482589] Test: [104] Total time: 0:00:09 (4.8759 s / it)
[09:13:33.482700] ***************************************************************
[09:13:33.482875] ****An extra tail dataset should exist for accracy metrics!****
[09:13:33.482893] ***************************************************************
[09:13:33.482912] **** Length of tail: 36 ****
[09:13:39.362268] Actual Batchsize/ world_size {'_n': 4.0}
[09:13:39.362400] {'pixel-level F1': tensor(1.2841, device='cuda:0', dtype=torch.float64)}
[09:13:39.483008] Test <remaining>: [104]  [0/3]  eta: 0:00:17  pixel-level F1: 1.4253 (0.2232)  time: 5.9996  data: 0.3782  max mem: 2485
[09:13:45.371343] Actual Batchsize/ world_size {'_n': 4.0}
[09:13:45.371542] {'pixel-level F1': tensor(0.9449, device='cuda:0', dtype=torch.float64)}
[09:13:45.489741] Test <remaining>: [104]  [1/3]  eta: 0:00:12  pixel-level F1: 1.2841 (0.2247)  time: 6.0028  data: 0.3822  max mem: 2485
[09:13:47.007020] ====================
[09:13:47.007104] A batch that is not fully loaded was detected at the end of the dataset. The actual batch size for this batch is 4: The default batch size is 16
[09:13:47.007122] ====================
[09:13:47.007619] Actual Batchsize/ world_size {'_n': 1.0}
[09:13:47.007687] {'pixel-level F1': tensor(0.3240, device='cuda:0', dtype=torch.float64)}
[09:13:47.035096] Test <remaining>: [104]  [2/3]  eta: 0:00:04  pixel-level F1: 1.2841 (0.2277)  time: 4.5168  data: 0.2854  max mem: 2485
[09:13:47.035195] Test <remaining>: [104] Total time: 0:00:13 (4.5174 s / it)
[09:13:47.035756] ---syncronized---
[09:13:47.035791] pixel-level F1 reduced_count 136
[09:13:47.035825] pixel-level F1 reduced_sum 34.57889011644785
[09:13:47.035859] ---syncronized done ---
[09:13:49.523164] Averaged stats: pixel-level F1: 1.2841 (0.2543)
[09:13:49.530033] Loading checkpoint: checkpoint-124.pth
[09:13:56.404469] Test: [124]  [0/2]  eta: 0:00:12  pixel-level F1: 5.3146 (0.3322)  time: 6.4544  data: 0.8566  max mem: 2485
[09:13:59.533400] ====================
[09:13:59.533459] A batch that is not fully loaded was detected at the end of the dataset. The actual batch size for this batch is 9: The default batch size is 16
[09:13:59.533477] ====================
[09:13:59.600517] Test: [124]  [1/2]  eta: 0:00:04  pixel-level F1: 3.5332 (0.3539)  time: 4.8250  data: 0.4284  max mem: 2485
[09:13:59.702766] Test: [124] Total time: 0:00:09 (4.8767 s / it)
[09:13:59.703043] ***************************************************************
[09:13:59.703067] ****An extra tail dataset should exist for accracy metrics!****
[09:13:59.703083] ***************************************************************
[09:13:59.703105] **** Length of tail: 36 ****
[09:14:05.589071] Actual Batchsize/ world_size {'_n': 4.0}
[09:14:05.589203] {'pixel-level F1': tensor(1.4988, device='cuda:0', dtype=torch.float64)}
[09:14:05.709917] Test <remaining>: [124]  [0/3]  eta: 0:00:18  pixel-level F1: 3.5332 (0.3568)  time: 6.0063  data: 0.3839  max mem: 2485
[09:14:11.592722] Actual Batchsize/ world_size {'_n': 4.0}
[09:14:11.592839] {'pixel-level F1': tensor(1.2655, device='cuda:0', dtype=torch.float64)}
[09:14:11.713305] Test <remaining>: [124]  [1/3]  eta: 0:00:12  pixel-level F1: 1.4988 (0.3519)  time: 6.0046  data: 0.3818  max mem: 2485
[09:14:13.214596] ====================
[09:14:13.214684] A batch that is not fully loaded was detected at the end of the dataset. The actual batch size for this batch is 4: The default batch size is 16
[09:14:13.214706] ====================
[09:14:13.215203] Actual Batchsize/ world_size {'_n': 1.0}
[09:14:13.215268] {'pixel-level F1': tensor(0.4667, device='cuda:0', dtype=torch.float64)}
[09:14:13.242764] Test <remaining>: [124]  [2/3]  eta: 0:00:04  pixel-level F1: 1.4988 (0.3553)  time: 4.5128  data: 0.2811  max mem: 2485
[09:14:13.242860] Test <remaining>: [124] Total time: 0:00:13 (4.5132 s / it)
[09:14:13.243455] ---syncronized---
[09:14:13.243491] pixel-level F1 reduced_count 136
[09:14:13.243525] pixel-level F1 reduced_sum 45.747363735517105
[09:14:13.243559] ---syncronized done ---
[09:14:15.817609] Averaged stats: pixel-level F1: 1.4988 (0.3364)
[09:14:15.824429] Testing on dataset coverage takes 0:27:58
[09:14:15.831062] <IMDLBenCo.datasets.iml_datasets.ManiDataset object at 0x7ff71e03b6d0>
[09:14:15.831113] len(dataset_test) 920
[09:14:15.831186] Sampler_test = <torch.utils.data.distributed.DistributedSampler object at 0x7ff70418cb50>
[09:14:15.831335] Start testing on CASIAv1! 
[09:14:15.831420] ['checkpoint-104.pth', 'checkpoint-69.pth', 'checkpoint-100.pth', 'checkpoint-36.pth', 'checkpoint-44.pth', 'checkpoint-50.pth', 'checkpoint-51.pth', 'checkpoint-92.pth', 'checkpoint-124.pth', 'checkpoint-60.pth', 'checkpoint-84.pth']
[09:14:15.831491] sorted checkpoint pairs in the ckpt dir:  [(36, 'checkpoint-36.pth'), (44, 'checkpoint-44.pth'), (50, 'checkpoint-50.pth'), (51, 'checkpoint-51.pth'), (60, 'checkpoint-60.pth'), (69, 'checkpoint-69.pth'), (84, 'checkpoint-84.pth'), (92, 'checkpoint-92.pth'), (100, 'checkpoint-100.pth'), (104, 'checkpoint-104.pth'), (124, 'checkpoint-124.pth')]
[09:14:15.831539] Loading checkpoint: checkpoint-36.pth
[09:14:22.631438] Test: [36]  [ 0/15]  eta: 0:01:31  pixel-level F1: 10.7936 (0.6746)  time: 6.1222  data: 0.5203  max mem: 2485
[09:15:37.907162] ====================
[09:15:37.907270] A batch that is not fully loaded was detected at the end of the dataset. The actual batch size for this batch is 6: The default batch size is 16
[09:15:37.907289] ====================
[09:15:37.946519] Test: [36]  [14/15]  eta: 0:00:05  pixel-level F1: 7.1193 (0.4570)  time: 5.4291  data: 0.0348  max mem: 2485
[09:15:38.049067] Test: [36] Total time: 0:01:21 (5.4360 s / it)
[09:15:38.049188] ***************************************************************
[09:15:38.049209] ****An extra tail dataset should exist for accracy metrics!****
[09:15:38.049391] ***************************************************************
[09:15:38.049415] **** Length of tail: 24 ****
[09:15:43.839391] Actual Batchsize/ world_size {'_n': 4.0}
[09:15:43.839562] {'pixel-level F1': tensor(0.9197, device='cuda:0', dtype=torch.float64)}
[09:15:43.960524] Test <remaining>: [36]  [0/2]  eta: 0:00:11  pixel-level F1: 6.8668 (0.4531)  time: 5.9105  data: 0.2749  max mem: 2485
[09:15:46.896156] ====================
[09:15:46.896240] A batch that is not fully loaded was detected at the end of the dataset. The actual batch size for this batch is 8: The default batch size is 16
[09:15:46.896257] ====================
[09:15:46.896774] Actual Batchsize/ world_size {'_n': 2.0}
[09:15:46.896842] {'pixel-level F1': tensor(0.6466, device='cuda:0', dtype=torch.float64)}
[09:15:46.951598] Test <remaining>: [36]  [1/2]  eta: 0:00:04  pixel-level F1: 6.8668 (0.4520)  time: 4.4506  data: 0.1991  max mem: 2485
[09:15:46.951707] Test <remaining>: [36] Total time: 0:00:08 (4.4510 s / it)
[09:15:46.952346] ---syncronized---
[09:15:46.952379] pixel-level F1 reduced_count 944
[09:15:46.952413] pixel-level F1 reduced_sum 413.5039117473549
[09:15:46.952446] ---syncronized done ---
[09:15:48.302129] Averaged stats: pixel-level F1: 6.8668 (0.4380)
[09:15:48.305571] Loading checkpoint: checkpoint-44.pth
[09:15:54.878069] Test: [44]  [ 0/15]  eta: 0:01:31  pixel-level F1: 10.7106 (0.6694)  time: 6.1315  data: 0.5172  max mem: 2485
[09:17:10.201101] ====================
[09:17:10.201206] A batch that is not fully loaded was detected at the end of the dataset. The actual batch size for this batch is 6: The default batch size is 16
[09:17:10.201225] ====================
[09:17:10.244597] Test: [44]  [14/15]  eta: 0:00:05  pixel-level F1: 6.8152 (0.4303)  time: 5.4331  data: 0.0346  max mem: 2485
[09:17:10.343254] Test: [44] Total time: 0:01:21 (5.4398 s / it)
[09:17:10.343466] ***************************************************************
[09:17:10.343488] ****An extra tail dataset should exist for accracy metrics!****
[09:17:10.343504] ***************************************************************
[09:17:10.343522] **** Length of tail: 24 ****
[09:17:16.132325] Actual Batchsize/ world_size {'_n': 4.0}
[09:17:16.132446] {'pixel-level F1': tensor(0.8560, device='cuda:0', dtype=torch.float64)}
[09:17:16.253263] Test <remaining>: [44]  [0/2]  eta: 0:00:11  pixel-level F1: 6.1871 (0.4266)  time: 5.9092  data: 0.2688  max mem: 2485
[09:17:19.168697] ====================
[09:17:19.168771] A batch that is not fully loaded was detected at the end of the dataset. The actual batch size for this batch is 8: The default batch size is 16
[09:17:19.168789] ====================
[09:17:19.169284] Actual Batchsize/ world_size {'_n': 2.0}
[09:17:19.169353] {'pixel-level F1': tensor(0.6828, device='cuda:0', dtype=torch.float64)}
[09:17:19.228665] Test <remaining>: [44]  [1/2]  eta: 0:00:04  pixel-level F1: 6.1871 (0.4259)  time: 4.4421  data: 0.1902  max mem: 2485
[09:17:19.228771] Test <remaining>: [44] Total time: 0:00:08 (4.4425 s / it)
[09:17:19.229276] ---syncronized---
[09:17:19.229308] pixel-level F1 reduced_count 944
[09:17:19.229342] pixel-level F1 reduced_sum 388.40803259760133
[09:17:19.229375] ---syncronized done ---
[09:17:20.557951] Averaged stats: pixel-level F1: 6.1871 (0.4114)
[09:17:20.560987] Loading checkpoint: checkpoint-50.pth
[09:17:27.154437] Test: [50]  [ 0/15]  eta: 0:01:32  pixel-level F1: 11.1626 (0.6977)  time: 6.1790  data: 0.5610  max mem: 2485
[09:18:42.464687] ====================
[09:18:42.464790] A batch that is not fully loaded was detected at the end of the dataset. The actual batch size for this batch is 6: The default batch size is 16
[09:18:42.464809] ====================
[09:18:42.508540] Test: [50]  [14/15]  eta: 0:00:05  pixel-level F1: 8.5839 (0.4980)  time: 5.4355  data: 0.0375  max mem: 2485
[09:18:42.603085] Test: [50] Total time: 0:01:21 (5.4419 s / it)
[09:18:42.603261] ***************************************************************
[09:18:42.603283] ****An extra tail dataset should exist for accracy metrics!****
[09:18:42.603301] ***************************************************************
[09:18:42.603319] **** Length of tail: 24 ****
[09:18:48.389963] Actual Batchsize/ world_size {'_n': 4.0}
[09:18:48.390086] {'pixel-level F1': tensor(1.1851, device='cuda:0', dtype=torch.float64)}
[09:18:48.511080] Test <remaining>: [50]  [0/2]  eta: 0:00:11  pixel-level F1: 6.6715 (0.4945)  time: 5.9073  data: 0.2661  max mem: 2485
[09:18:51.426959] ====================
[09:18:51.427038] A batch that is not fully loaded was detected at the end of the dataset. The actual batch size for this batch is 8: The default batch size is 16
[09:18:51.427056] ====================
[09:18:51.427543] Actual Batchsize/ world_size {'_n': 2.0}
[09:18:51.427609] {'pixel-level F1': tensor(0.8454, device='cuda:0', dtype=torch.float64)}
[09:18:51.486908] Test <remaining>: [50]  [1/2]  eta: 0:00:04  pixel-level F1: 6.6715 (0.4939)  time: 4.4414  data: 0.1900  max mem: 2485
[09:18:51.487004] Test <remaining>: [50] Total time: 0:00:08 (4.4418 s / it)
[09:18:51.487594] ---syncronized---
[09:18:51.487627] pixel-level F1 reduced_count 944
[09:18:51.487662] pixel-level F1 reduced_sum 461.7586018263311
[09:18:51.487695] ---syncronized done ---
[09:18:52.869692] Averaged stats: pixel-level F1: 6.6715 (0.4892)
[09:18:52.872709] Loading checkpoint: checkpoint-51.pth
[09:18:59.425976] Test: [51]  [ 0/15]  eta: 0:01:32  pixel-level F1: 12.3506 (0.7719)  time: 6.1355  data: 0.5199  max mem: 2485
[09:20:14.742324] ====================
[09:20:14.742441] A batch that is not fully loaded was detected at the end of the dataset. The actual batch size for this batch is 6: The default batch size is 16
[09:20:14.742461] ====================
[09:20:14.786157] Test: [51]  [14/15]  eta: 0:00:05  pixel-level F1: 7.6466 (0.5184)  time: 5.4330  data: 0.0348  max mem: 2485
[09:20:14.886989] Test: [51] Total time: 0:01:21 (5.4398 s / it)
[09:20:14.887124] ***************************************************************
[09:20:14.887149] ****An extra tail dataset should exist for accracy metrics!****
[09:20:14.887356] ***************************************************************
[09:20:14.887377] **** Length of tail: 24 ****
[09:20:20.673112] Actual Batchsize/ world_size {'_n': 4.0}
[09:20:20.673236] {'pixel-level F1': tensor(1.5090, device='cuda:0', dtype=torch.float64)}
[09:20:20.794328] Test <remaining>: [51]  [0/2]  eta: 0:00:11  pixel-level F1: 7.3338 (0.5160)  time: 5.9064  data: 0.2651  max mem: 2485
[09:20:23.708235] ====================
[09:20:23.708316] A batch that is not fully loaded was detected at the end of the dataset. The actual batch size for this batch is 8: The default batch size is 16
[09:20:23.708334] ====================
[09:20:23.708823] Actual Batchsize/ world_size {'_n': 2.0}
[09:20:23.708891] {'pixel-level F1': tensor(0.8241, device='cuda:0', dtype=torch.float64)}
[09:20:23.768257] Test <remaining>: [51]  [1/2]  eta: 0:00:04  pixel-level F1: 7.3338 (0.5151)  time: 4.4400  data: 0.1880  max mem: 2485
[09:20:23.768354] Test <remaining>: [51] Total time: 0:00:08 (4.4404 s / it)
[09:20:23.769063] ---syncronized---
[09:20:23.769094] pixel-level F1 reduced_count 944
[09:20:23.769127] pixel-level F1 reduced_sum 486.95140637834714
[09:20:23.769160] ---syncronized done ---
[09:20:25.131972] Averaged stats: pixel-level F1: 7.3338 (0.5158)
[09:20:25.134958] Loading checkpoint: checkpoint-60.pth
[09:20:31.669695] Test: [60]  [ 0/15]  eta: 0:01:31  pixel-level F1: 11.8981 (0.7436)  time: 6.1246  data: 0.5067  max mem: 2485
[09:21:46.967185] ====================
[09:21:46.967286] A batch that is not fully loaded was detected at the end of the dataset. The actual batch size for this batch is 6: The default batch size is 16
[09:21:46.967305] ====================
[09:21:47.011134] Test: [60]  [14/15]  eta: 0:00:05  pixel-level F1: 7.2549 (0.4744)  time: 5.4310  data: 0.0339  max mem: 2485
[09:21:47.112762] Test: [60] Total time: 0:01:21 (5.4379 s / it)
[09:21:47.113089] ***************************************************************
[09:21:47.113122] ****An extra tail dataset should exist for accracy metrics!****
[09:21:47.113145] ***************************************************************
[09:21:47.113171] **** Length of tail: 24 ****
[09:21:52.904490] Actual Batchsize/ world_size {'_n': 4.0}
[09:21:52.904613] {'pixel-level F1': tensor(1.1236, device='cuda:0', dtype=torch.float64)}
[09:21:53.025429] Test <remaining>: [60]  [0/2]  eta: 0:00:11  pixel-level F1: 7.0688 (0.4711)  time: 5.9117  data: 0.2728  max mem: 2485
[09:21:55.939497] ====================
[09:21:55.939578] A batch that is not fully loaded was detected at the end of the dataset. The actual batch size for this batch is 8: The default batch size is 16
[09:21:55.939596] ====================
[09:21:55.940090] Actual Batchsize/ world_size {'_n': 2.0}
[09:21:55.940158] {'pixel-level F1': tensor(0.7723, device='cuda:0', dtype=torch.float64)}
[09:21:55.999764] Test <remaining>: [60]  [1/2]  eta: 0:00:04  pixel-level F1: 7.0688 (0.4704)  time: 4.4428  data: 0.1923  max mem: 2485
[09:21:55.999862] Test <remaining>: [60] Total time: 0:00:08 (4.4432 s / it)
[09:21:56.000369] ---syncronized---
[09:21:56.000401] pixel-level F1 reduced_count 944
[09:21:56.000435] pixel-level F1 reduced_sum 428.87962986038775
[09:21:56.000469] ---syncronized done ---
[09:21:57.282718] Averaged stats: pixel-level F1: 7.0688 (0.4543)
[09:21:57.285740] Loading checkpoint: checkpoint-69.pth
[09:22:03.835865] Test: [69]  [ 0/15]  eta: 0:01:31  pixel-level F1: 11.9514 (0.7470)  time: 6.1316  data: 0.5171  max mem: 2485
[09:23:19.145721] ====================
[09:23:19.145831] A batch that is not fully loaded was detected at the end of the dataset. The actual batch size for this batch is 6: The default batch size is 16
[09:23:19.145850] ====================
[09:23:19.189421] Test: [69]  [14/15]  eta: 0:00:05  pixel-level F1: 7.7109 (0.5417)  time: 5.4323  data: 0.0346  max mem: 2485
[09:23:19.288654] Test: [69] Total time: 0:01:21 (5.4390 s / it)
[09:23:19.288774] ***************************************************************
[09:23:19.288797] ****An extra tail dataset should exist for accracy metrics!****
[09:23:19.288976] ***************************************************************
[09:23:19.288997] **** Length of tail: 24 ****
[09:23:25.071975] Actual Batchsize/ world_size {'_n': 4.0}
[09:23:25.072102] {'pixel-level F1': tensor(1.4434, device='cuda:0', dtype=torch.float64)}
[09:23:25.193114] Test <remaining>: [69]  [0/2]  eta: 0:00:11  pixel-level F1: 7.4790 (0.5386)  time: 5.9036  data: 0.2651  max mem: 2485
[09:23:28.107755] ====================
[09:23:28.107831] A batch that is not fully loaded was detected at the end of the dataset. The actual batch size for this batch is 8: The default batch size is 16
[09:23:28.107849] ====================
[09:23:28.108335] Actual Batchsize/ world_size {'_n': 2.0}
[09:23:28.108401] {'pixel-level F1': tensor(0.8284, device='cuda:0', dtype=torch.float64)}
[09:23:28.167932] Test <remaining>: [69]  [1/2]  eta: 0:00:04  pixel-level F1: 7.4790 (0.5376)  time: 4.4390  data: 0.1885  max mem: 2485
[09:23:28.168035] Test <remaining>: [69] Total time: 0:00:08 (4.4394 s / it)
[09:23:28.168523] ---syncronized---
[09:23:28.168555] pixel-level F1 reduced_count 944
[09:23:28.168588] pixel-level F1 reduced_sum 504.15617117872114
[09:23:28.168622] ---syncronized done ---
[09:23:29.484250] Averaged stats: pixel-level F1: 7.4790 (0.5341)
[09:23:29.487333] Loading checkpoint: checkpoint-84.pth
[09:23:36.040047] Test: [84]  [ 0/15]  eta: 0:01:32  pixel-level F1: 12.9040 (0.8065)  time: 6.1364  data: 0.5191  max mem: 2485
[09:24:51.351924] ====================
[09:24:51.352029] A batch that is not fully loaded was detected at the end of the dataset. The actual batch size for this batch is 6: The default batch size is 16
[09:24:51.352048] ====================
[09:24:51.395774] Test: [84]  [14/15]  eta: 0:00:05  pixel-level F1: 8.6775 (0.5588)  time: 5.4328  data: 0.0347  max mem: 2485
[09:24:51.492566] Test: [84] Total time: 0:01:21 (5.4393 s / it)
[09:24:51.492692] ***************************************************************
[09:24:51.492714] ****An extra tail dataset should exist for accracy metrics!****
[09:24:51.492897] ***************************************************************
[09:24:51.492920] **** Length of tail: 24 ****
[09:24:57.279021] Actual Batchsize/ world_size {'_n': 4.0}
[09:24:57.279144] {'pixel-level F1': tensor(1.4213, device='cuda:0', dtype=torch.float64)}
[09:24:57.400328] Test <remaining>: [84]  [0/2]  eta: 0:00:11  pixel-level F1: 8.0207 (0.5554)  time: 5.9069  data: 0.2678  max mem: 2485
[09:25:00.314658] ====================
[09:25:00.314734] A batch that is not fully loaded was detected at the end of the dataset. The actual batch size for this batch is 8: The default batch size is 16
[09:25:00.314753] ====================
[09:25:00.315238] Actual Batchsize/ world_size {'_n': 2.0}
[09:25:00.315305] {'pixel-level F1': tensor(0.8356, device='cuda:0', dtype=torch.float64)}
[09:25:00.374874] Test <remaining>: [84]  [1/2]  eta: 0:00:04  pixel-level F1: 8.0207 (0.5542)  time: 4.4405  data: 0.1896  max mem: 2485
[09:25:00.374970] Test <remaining>: [84] Total time: 0:00:08 (4.4409 s / it)
[09:25:00.375426] ---syncronized---
[09:25:00.375459] pixel-level F1 reduced_count 944
[09:25:00.375493] pixel-level F1 reduced_sum 536.760759023949
[09:25:00.375526] ---syncronized done ---
[09:25:01.724142] Averaged stats: pixel-level F1: 8.0207 (0.5686)
[09:25:01.727193] Loading checkpoint: checkpoint-92.pth
[09:25:08.430400] Test: [92]  [ 0/15]  eta: 0:01:31  pixel-level F1: 12.7197 (0.7950)  time: 6.1322  data: 0.5184  max mem: 2485
[09:26:23.723444] ====================
[09:26:23.723548] A batch that is not fully loaded was detected at the end of the dataset. The actual batch size for this batch is 6: The default batch size is 16
[09:26:23.723567] ====================
[09:26:23.767113] Test: [92]  [14/15]  eta: 0:00:05  pixel-level F1: 8.3603 (0.5733)  time: 5.4312  data: 0.0347  max mem: 2485
[09:26:23.867419] Test: [92] Total time: 0:01:21 (5.4380 s / it)
[09:26:23.867616] ***************************************************************
[09:26:23.867862] ****An extra tail dataset should exist for accracy metrics!****
[09:26:23.867907] ***************************************************************
[09:26:23.867949] **** Length of tail: 24 ****
[09:26:29.665244] Actual Batchsize/ world_size {'_n': 4.0}
[09:26:29.665400] {'pixel-level F1': tensor(1.8034, device='cuda:0', dtype=torch.float64)}
[09:26:29.786548] Test <remaining>: [92]  [0/2]  eta: 0:00:11  pixel-level F1: 7.6943 (0.5712)  time: 5.9179  data: 0.2773  max mem: 2485
[09:26:32.701997] ====================
[09:26:32.702077] A batch that is not fully loaded was detected at the end of the dataset. The actual batch size for this batch is 8: The default batch size is 16
[09:26:32.702094] ====================
[09:26:32.702602] Actual Batchsize/ world_size {'_n': 2.0}
[09:26:32.702671] {'pixel-level F1': tensor(1.0049, device='cuda:0', dtype=torch.float64)}
[09:26:32.762010] Test <remaining>: [92]  [1/2]  eta: 0:00:04  pixel-level F1: 7.6943 (0.5706)  time: 4.4465  data: 0.1944  max mem: 2485
[09:26:32.762111] Test <remaining>: [92] Total time: 0:00:08 (4.4469 s / it)
[09:26:32.762757] ---syncronized---
[09:26:32.762791] pixel-level F1 reduced_count 944
[09:26:32.762825] pixel-level F1 reduced_sum 519.2746636411437
[09:26:32.762858] ---syncronized done ---
[09:26:34.099494] Averaged stats: pixel-level F1: 7.6943 (0.5501)
[09:26:34.102596] Loading checkpoint: checkpoint-100.pth
[09:26:40.652712] Test: [100]  [ 0/15]  eta: 0:01:31  pixel-level F1: 12.7533 (0.7971)  time: 6.1227  data: 0.5062  max mem: 2485
[09:27:55.974658] ====================
[09:27:55.974758] A batch that is not fully loaded was detected at the end of the dataset. The actual batch size for this batch is 6: The default batch size is 16
[09:27:55.974777] ====================
[09:27:56.018525] Test: [100]  [14/15]  eta: 0:00:05  pixel-level F1: 8.7650 (0.5778)  time: 5.4325  data: 0.0339  max mem: 2485
[09:27:56.122109] Test: [100] Total time: 0:01:21 (5.4395 s / it)
[09:27:56.122363] ***************************************************************
[09:27:56.122386] ****An extra tail dataset should exist for accracy metrics!****
[09:27:56.122404] ***************************************************************
[09:27:56.122432] **** Length of tail: 24 ****
[09:28:01.906451] Actual Batchsize/ world_size {'_n': 4.0}
[09:28:01.906572] {'pixel-level F1': tensor(2.0893, device='cuda:0', dtype=torch.float64)}
[09:28:02.027857] Test <remaining>: [100]  [0/2]  eta: 0:00:11  pixel-level F1: 7.7140 (0.5769)  time: 5.9049  data: 0.2654  max mem: 2485
[09:28:04.942200] ====================
[09:28:04.942280] A batch that is not fully loaded was detected at the end of the dataset. The actual batch size for this batch is 8: The default batch size is 16
[09:28:04.942298] ====================
[09:28:04.942818] Actual Batchsize/ world_size {'_n': 2.0}
[09:28:04.942886] {'pixel-level F1': tensor(0.8797, device='cuda:0', dtype=torch.float64)}
[09:28:05.002338] Test <remaining>: [100]  [1/2]  eta: 0:00:04  pixel-level F1: 7.7140 (0.5757)  time: 4.4395  data: 0.1884  max mem: 2485
[09:28:05.002453] Test <remaining>: [100] Total time: 0:00:08 (4.4399 s / it)
[09:28:05.002929] ---syncronized---
[09:28:05.002961] pixel-level F1 reduced_count 944
[09:28:05.002997] pixel-level F1 reduced_sum 542.7856674710464
[09:28:05.003049] ---syncronized done ---
[09:28:06.356034] Averaged stats: pixel-level F1: 7.7140 (0.5750)
[09:28:06.359148] Loading checkpoint: checkpoint-104.pth
[09:28:12.902211] Test: [104]  [ 0/15]  eta: 0:01:31  pixel-level F1: 12.8087 (0.8005)  time: 6.1169  data: 0.5041  max mem: 2485
[09:29:28.210798] ====================
[09:29:28.210902] A batch that is not fully loaded was detected at the end of the dataset. The actual batch size for this batch is 6: The default batch size is 16
[09:29:28.210921] ====================
[09:29:28.254614] Test: [104]  [14/15]  eta: 0:00:05  pixel-level F1: 9.0425 (0.5816)  time: 5.4312  data: 0.0337  max mem: 2485
[09:29:28.361033] Test: [104] Total time: 0:01:21 (5.4384 s / it)
[09:29:28.361326] ***************************************************************
[09:29:28.361351] ****An extra tail dataset should exist for accracy metrics!****
[09:29:28.361368] ***************************************************************
[09:29:28.361386] **** Length of tail: 24 ****
[09:29:34.147181] Actual Batchsize/ world_size {'_n': 4.0}
[09:29:34.147311] {'pixel-level F1': tensor(1.5954, device='cuda:0', dtype=torch.float64)}
[09:29:34.268250] Test <remaining>: [104]  [0/2]  eta: 0:00:11  pixel-level F1: 8.6975 (0.5785)  time: 5.9064  data: 0.2681  max mem: 2485
[09:29:37.186199] ====================
[09:29:37.186279] A batch that is not fully loaded was detected at the end of the dataset. The actual batch size for this batch is 8: The default batch size is 16
[09:29:37.186297] ====================
[09:29:37.186804] Actual Batchsize/ world_size {'_n': 2.0}
[09:29:37.186875] {'pixel-level F1': tensor(0.8586, device='cuda:0', dtype=torch.float64)}
[09:29:37.246350] Test <remaining>: [104]  [1/2]  eta: 0:00:04  pixel-level F1: 8.6975 (0.5772)  time: 4.4420  data: 0.1899  max mem: 2485
[09:29:37.246457] Test <remaining>: [104] Total time: 0:00:08 (4.4425 s / it)
[09:29:37.246942] ---syncronized---
[09:29:37.246974] pixel-level F1 reduced_count 944
[09:29:37.247008] pixel-level F1 reduced_sum 536.1095012681179
[09:29:37.247041] ---syncronized done ---
[09:29:38.600968] Averaged stats: pixel-level F1: 8.6975 (0.5679)
[09:29:38.604111] Loading checkpoint: checkpoint-124.pth
[09:29:45.307877] Test: [124]  [ 0/15]  eta: 0:01:32  pixel-level F1: 12.8720 (0.8045)  time: 6.1452  data: 0.5322  max mem: 2485
[09:31:00.610537] ====================
[09:31:00.610639] A batch that is not fully loaded was detected at the end of the dataset. The actual batch size for this batch is 6: The default batch size is 16
[09:31:00.610657] ====================
[09:31:00.654350] Test: [124]  [14/15]  eta: 0:00:05  pixel-level F1: 9.8818 (0.5897)  time: 5.4327  data: 0.0356  max mem: 2485
[09:31:00.746679] Test: [124] Total time: 0:01:21 (5.4390 s / it)
[09:31:00.746946] ***************************************************************
[09:31:00.746970] ****An extra tail dataset should exist for accracy metrics!****
[09:31:00.746989] ***************************************************************
[09:31:00.747006] **** Length of tail: 24 ****
[09:31:06.536160] Actual Batchsize/ world_size {'_n': 4.0}
[09:31:06.536273] {'pixel-level F1': tensor(1.9387, device='cuda:0', dtype=torch.float64)}
[09:31:06.657163] Test <remaining>: [124]  [0/2]  eta: 0:00:11  pixel-level F1: 7.7515 (0.5879)  time: 5.9096  data: 0.2698  max mem: 2485
[09:31:09.569804] ====================
[09:31:09.569884] A batch that is not fully loaded was detected at the end of the dataset. The actual batch size for this batch is 8: The default batch size is 16
[09:31:09.569902] ====================
[09:31:09.570386] Actual Batchsize/ world_size {'_n': 2.0}
[09:31:09.570473] {'pixel-level F1': tensor(0.8726, device='cuda:0', dtype=torch.float64)}
[09:31:09.629923] Test <remaining>: [124]  [1/2]  eta: 0:00:04  pixel-level F1: 7.7515 (0.5866)  time: 4.4410  data: 0.1902  max mem: 2485
[09:31:09.630024] Test <remaining>: [124] Total time: 0:00:08 (4.4414 s / it)
[09:31:09.630522] ---syncronized---
[09:31:09.630557] pixel-level F1 reduced_count 944
[09:31:09.630592] pixel-level F1 reduced_sum 547.3759957347772
[09:31:09.630642] ---syncronized done ---
[09:31:10.940972] Averaged stats: pixel-level F1: 7.7515 (0.5798)
[09:31:10.943986] Testing on dataset CASIAv1 takes 0:44:53
[09:31:10.952704] <IMDLBenCo.datasets.iml_datasets.ManiDataset object at 0x7ff71e2683d0>
[09:31:10.952753] len(dataset_test) 2010
[09:31:10.952815] Sampler_test = <torch.utils.data.distributed.DistributedSampler object at 0x7ff704153e50>
[09:31:10.953116] Start testing on IMD20_1024! 
[09:31:10.953199] ['checkpoint-104.pth', 'checkpoint-69.pth', 'checkpoint-100.pth', 'checkpoint-36.pth', 'checkpoint-44.pth', 'checkpoint-50.pth', 'checkpoint-51.pth', 'checkpoint-92.pth', 'checkpoint-124.pth', 'checkpoint-60.pth', 'checkpoint-84.pth']
[09:31:10.953258] sorted checkpoint pairs in the ckpt dir:  [(36, 'checkpoint-36.pth'), (44, 'checkpoint-44.pth'), (50, 'checkpoint-50.pth'), (51, 'checkpoint-51.pth'), (60, 'checkpoint-60.pth'), (69, 'checkpoint-69.pth'), (84, 'checkpoint-84.pth'), (92, 'checkpoint-92.pth'), (100, 'checkpoint-100.pth'), (104, 'checkpoint-104.pth'), (124, 'checkpoint-124.pth')]
[09:31:10.953304] Loading checkpoint: checkpoint-36.pth
[09:31:18.504663] Test: [36]  [ 0/32]  eta: 0:03:47  pixel-level F1: 0.0000 (0.0000)  time: 7.1162  data: 1.5014  max mem: 2485
[09:33:11.147689] Test: [36]  [20/32]  eta: 0:01:08  pixel-level F1: 1.3527 (0.0936)  time: 5.6321  data: 0.0001  max mem: 2485
[09:34:09.950464] ====================
[09:34:09.950574] A batch that is not fully loaded was detected at the end of the dataset. The actual batch size for this batch is 7: The default batch size is 16
[09:34:09.950593] ====================
[09:34:09.997739] Test: [36]  [31/32]  eta: 0:00:05  pixel-level F1: 1.2152 (0.0899)  time: 5.4775  data: 0.0001  max mem: 2485
[09:34:10.152266] Test: [36] Total time: 0:02:58 (5.5864 s / it)
[09:34:10.152397] ***************************************************************
[09:34:10.152438] ****An extra tail dataset should exist for accracy metrics!****
[09:34:10.152474] ***************************************************************
[09:34:10.152516] **** Length of tail: 26 ****
[09:34:16.681950] Actual Batchsize/ world_size {'_n': 4.0}
[09:34:16.682086] {'pixel-level F1': tensor(0.4290, device='cuda:0', dtype=torch.float64)}
[09:34:16.803131] Test <remaining>: [36]  [0/2]  eta: 0:00:13  pixel-level F1: 1.2152 (0.0900)  time: 6.6499  data: 1.0137  max mem: 2485
[09:34:20.921443] ====================
[09:34:20.921532] A batch that is not fully loaded was detected at the end of the dataset. The actual batch size for this batch is 10: The default batch size is 16
[09:34:20.921550] ====================
[09:34:20.922055] Actual Batchsize/ world_size {'_n': 2.5}
[09:34:20.922122] {'pixel-level F1': tensor(0.4908, device='cuda:0', dtype=torch.float64)}
[09:34:20.992457] Test <remaining>: [36]  [1/2]  eta: 0:00:05  pixel-level F1: 1.2152 (0.0905)  time: 5.4194  data: 0.8292  max mem: 2485
[09:34:20.992564] Test <remaining>: [36] Total time: 0:00:10 (5.4198 s / it)
[09:34:20.993053] ---syncronized---
[09:34:20.993086] pixel-level F1 reduced_count 2038
[09:34:20.993121] pixel-level F1 reduced_sum 191.65058270979665
[09:34:20.993154] ---syncronized done ---
[09:34:22.519623] Averaged stats: pixel-level F1: 1.2152 (0.0940)
[09:34:22.524055] Loading checkpoint: checkpoint-44.pth
[09:34:29.897740] Test: [44]  [ 0/32]  eta: 0:03:41  pixel-level F1: 2.1394 (0.1337)  time: 6.9296  data: 1.3174  max mem: 2485
[09:36:22.570311] Test: [44]  [20/32]  eta: 0:01:08  pixel-level F1: 1.6246 (0.1153)  time: 5.6336  data: 0.0001  max mem: 2485
[09:37:21.365791] ====================
[09:37:21.365898] A batch that is not fully loaded was detected at the end of the dataset. The actual batch size for this batch is 7: The default batch size is 16
[09:37:21.365917] ====================
[09:37:21.417214] Test: [44]  [31/32]  eta: 0:00:05  pixel-level F1: 1.3738 (0.1159)  time: 5.4781  data: 0.0001  max mem: 2485
[09:37:21.577264] Test: [44] Total time: 0:02:58 (5.5816 s / it)
[09:37:21.577434] ***************************************************************
[09:37:21.577671] ****An extra tail dataset should exist for accracy metrics!****
[09:37:21.577708] ***************************************************************
[09:37:21.577743] **** Length of tail: 26 ****
[09:37:28.015964] Actual Batchsize/ world_size {'_n': 4.0}
[09:37:28.016105] {'pixel-level F1': tensor(0.3088, device='cuda:0', dtype=torch.float64)}
[09:37:28.137033] Test <remaining>: [44]  [0/2]  eta: 0:00:13  pixel-level F1: 1.3045 (0.1156)  time: 6.5585  data: 0.9184  max mem: 2485
[09:37:32.165948] ====================
[09:37:32.166048] A batch that is not fully loaded was detected at the end of the dataset. The actual batch size for this batch is 10: The default batch size is 16
[09:37:32.166085] ====================
[09:37:32.166591] Actual Batchsize/ world_size {'_n': 2.5}
[09:37:32.166661] {'pixel-level F1': tensor(0.9047, device='cuda:0', dtype=torch.float64)}
[09:37:32.241156] Test <remaining>: [44]  [1/2]  eta: 0:00:05  pixel-level F1: 1.1557 (0.1168)  time: 5.3311  data: 0.7399  max mem: 2485
[09:37:32.241252] Test <remaining>: [44] Total time: 0:00:10 (5.3316 s / it)
[09:37:32.241928] ---syncronized---
[09:37:32.241963] pixel-level F1 reduced_count 2038
[09:37:32.241997] pixel-level F1 reduced_sum 228.43953923707846
[09:37:32.242030] ---syncronized done ---
[09:37:33.759139] Averaged stats: pixel-level F1: 1.1557 (0.1121)
[09:37:33.763228] Loading checkpoint: checkpoint-50.pth
[09:37:41.171563] Test: [50]  [ 0/32]  eta: 0:03:43  pixel-level F1: 1.7043 (0.1065)  time: 6.9810  data: 1.3678  max mem: 2485
[09:39:33.854865] Test: [50]  [20/32]  eta: 0:01:08  pixel-level F1: 2.5335 (0.1629)  time: 5.6341  data: 0.0001  max mem: 2485
[09:40:32.658735] ====================
[09:40:32.658847] A batch that is not fully loaded was detected at the end of the dataset. The actual batch size for this batch is 7: The default batch size is 16
[09:40:32.658868] ====================
[09:40:32.710062] Test: [50]  [31/32]  eta: 0:00:05  pixel-level F1: 2.5811 (0.1676)  time: 5.4791  data: 0.0001  max mem: 2485
[09:40:32.858199] Test: [50] Total time: 0:02:58 (5.5834 s / it)
[09:40:32.858468] ***************************************************************
[09:40:32.858502] ****An extra tail dataset should exist for accracy metrics!****
[09:40:32.858525] ***************************************************************
[09:40:32.858550] **** Length of tail: 26 ****
[09:40:39.303640] Actual Batchsize/ world_size {'_n': 4.0}
[09:40:39.303772] {'pixel-level F1': tensor(0.8539, device='cuda:0', dtype=torch.float64)}
[09:40:39.424942] Test <remaining>: [50]  [0/2]  eta: 0:00:13  pixel-level F1: 2.5335 (0.1680)  time: 6.5657  data: 0.9240  max mem: 2485
[09:40:43.449742] ====================
[09:40:43.449822] A batch that is not fully loaded was detected at the end of the dataset. The actual batch size for this batch is 10: The default batch size is 16
[09:40:43.449840] ====================
[09:40:43.450326] Actual Batchsize/ world_size {'_n': 2.5}
[09:40:43.450393] {'pixel-level F1': tensor(0.9437, device='cuda:0', dtype=torch.float64)}
[09:40:43.524708] Test <remaining>: [50]  [1/2]  eta: 0:00:05  pixel-level F1: 2.4619 (0.1690)  time: 5.3326  data: 0.7402  max mem: 2485
[09:40:43.524805] Test <remaining>: [50] Total time: 0:00:10 (5.3330 s / it)
[09:40:43.525273] ---syncronized---
[09:40:43.525307] pixel-level F1 reduced_count 2038
[09:40:43.525342] pixel-level F1 reduced_sum 337.7676423959158
[09:40:43.525375] ---syncronized done ---
[09:40:45.045756] Averaged stats: pixel-level F1: 2.4619 (0.1657)
[09:40:45.048339] Loading checkpoint: checkpoint-51.pth
[09:40:52.455851] Test: [51]  [ 0/32]  eta: 0:03:43  pixel-level F1: 0.7000 (0.0438)  time: 6.9874  data: 1.3739  max mem: 2485
[09:42:45.206933] Test: [51]  [20/32]  eta: 0:01:08  pixel-level F1: 2.4444 (0.1589)  time: 5.6375  data: 0.0001  max mem: 2485
[09:43:44.043970] ====================
[09:43:44.044073] A batch that is not fully loaded was detected at the end of the dataset. The actual batch size for this batch is 7: The default batch size is 16
[09:43:44.044107] ====================
[09:43:44.095146] Test: [51]  [31/32]  eta: 0:00:05  pixel-level F1: 2.5088 (0.1619)  time: 5.4824  data: 0.0001  max mem: 2485
[09:43:44.232757] Test: [51] Total time: 0:02:58 (5.5864 s / it)
[09:43:44.232877] ***************************************************************
[09:43:44.233074] ****An extra tail dataset should exist for accracy metrics!****
[09:43:44.233093] ***************************************************************
[09:43:44.233112] **** Length of tail: 26 ****
[09:43:50.657512] Actual Batchsize/ world_size {'_n': 4.0}
[09:43:50.657662] {'pixel-level F1': tensor(0.5215, device='cuda:0', dtype=torch.float64)}
[09:43:50.778934] Test <remaining>: [51]  [0/2]  eta: 0:00:13  pixel-level F1: 2.4444 (0.1616)  time: 6.5451  data: 0.8989  max mem: 2485
[09:43:54.808940] ====================
[09:43:54.809043] A batch that is not fully loaded was detected at the end of the dataset. The actual batch size for this batch is 10: The default batch size is 16
[09:43:54.809063] ====================
[09:43:54.809562] Actual Batchsize/ world_size {'_n': 2.5}
[09:43:54.809632] {'pixel-level F1': tensor(0.4446, device='cuda:0', dtype=torch.float64)}
[09:43:54.883871] Test <remaining>: [51]  [1/2]  eta: 0:00:05  pixel-level F1: 2.4444 (0.1617)  time: 5.3248  data: 0.7301  max mem: 2485
[09:43:54.883970] Test <remaining>: [51] Total time: 0:00:10 (5.3253 s / it)
[09:43:54.884669] ---syncronized---
[09:43:54.884704] pixel-level F1 reduced_count 2038
[09:43:54.884740] pixel-level F1 reduced_sum 314.82347440331375
[09:43:54.884773] ---syncronized done ---
[09:43:56.403182] Averaged stats: pixel-level F1: 2.4444 (0.1545)
[09:43:56.407336] Loading checkpoint: checkpoint-60.pth
[09:44:03.794769] Test: [60]  [ 0/32]  eta: 0:03:42  pixel-level F1: 0.8201 (0.0513)  time: 6.9680  data: 1.3527  max mem: 2485
[09:45:56.540153] Test: [60]  [20/32]  eta: 0:01:08  pixel-level F1: 1.9056 (0.1176)  time: 5.6372  data: 0.0001  max mem: 2485
[09:46:55.386364] ====================
[09:46:55.386479] A batch that is not fully loaded was detected at the end of the dataset. The actual batch size for this batch is 7: The default batch size is 16
[09:46:55.386500] ====================
[09:46:55.437735] Test: [60]  [31/32]  eta: 0:00:05  pixel-level F1: 2.0125 (0.1246)  time: 5.4829  data: 0.0001  max mem: 2485
[09:46:55.593911] Test: [60] Total time: 0:02:58 (5.5865 s / it)
[09:46:55.594139] ***************************************************************
[09:46:55.594163] ****An extra tail dataset should exist for accracy metrics!****
[09:46:55.594180] ***************************************************************
[09:46:55.594198] **** Length of tail: 26 ****
[09:47:02.041687] Actual Batchsize/ world_size {'_n': 4.0}
[09:47:02.041820] {'pixel-level F1': tensor(0.4617, device='cuda:0', dtype=torch.float64)}
[09:47:02.163112] Test <remaining>: [60]  [0/2]  eta: 0:00:13  pixel-level F1: 1.9056 (0.1245)  time: 6.5683  data: 0.9231  max mem: 2485
[09:47:06.212826] ====================
[09:47:06.212913] A batch that is not fully loaded was detected at the end of the dataset. The actual batch size for this batch is 10: The default batch size is 16
[09:47:06.212931] ====================
[09:47:06.213421] Actual Batchsize/ world_size {'_n': 2.5}
[09:47:06.213488] {'pixel-level F1': tensor(0.6323, device='cuda:0', dtype=torch.float64)}
[09:47:06.288186] Test <remaining>: [60]  [1/2]  eta: 0:00:05  pixel-level F1: 1.9056 (0.1252)  time: 5.3465  data: 0.7523  max mem: 2485
[09:47:06.288282] Test <remaining>: [60] Total time: 0:00:10 (5.3469 s / it)
[09:47:06.288768] ---syncronized---
[09:47:06.288802] pixel-level F1 reduced_count 2038
[09:47:06.288837] pixel-level F1 reduced_sum 262.2988135184133
[09:47:06.288870] ---syncronized done ---
[09:47:07.982280] Averaged stats: pixel-level F1: 1.9056 (0.1287)
[09:47:07.986513] Loading checkpoint: checkpoint-69.pth
[09:47:15.694683] Test: [69]  [ 0/32]  eta: 0:03:45  pixel-level F1: 1.6528 (0.1033)  time: 7.0588  data: 1.4497  max mem: 2485
[09:49:08.430350] Test: [69]  [20/32]  eta: 0:01:08  pixel-level F1: 2.1681 (0.1332)  time: 5.6367  data: 0.0001  max mem: 2485
[09:50:07.258557] ====================
[09:50:07.258672] A batch that is not fully loaded was detected at the end of the dataset. The actual batch size for this batch is 7: The default batch size is 16
[09:50:07.258691] ====================
[09:50:07.310004] Test: [69]  [31/32]  eta: 0:00:05  pixel-level F1: 2.2984 (0.1397)  time: 5.4815  data: 0.0001  max mem: 2485
[09:50:07.448519] Test: [69] Total time: 0:02:58 (5.5879 s / it)
[09:50:07.448645] ***************************************************************
[09:50:07.448670] ****An extra tail dataset should exist for accracy metrics!****
[09:50:07.448869] ***************************************************************
[09:50:07.448890] **** Length of tail: 26 ****
[09:50:13.884298] Actual Batchsize/ world_size {'_n': 4.0}
[09:50:13.884437] {'pixel-level F1': tensor(0.4143, device='cuda:0', dtype=torch.float64)}
[09:50:14.005452] Test <remaining>: [69]  [0/2]  eta: 0:00:13  pixel-level F1: 1.9955 (0.1394)  time: 6.5559  data: 0.9152  max mem: 2485
[09:50:18.036981] ====================
[09:50:18.037077] A batch that is not fully loaded was detected at the end of the dataset. The actual batch size for this batch is 10: The default batch size is 16
[09:50:18.037096] ====================
[09:50:18.037589] Actual Batchsize/ world_size {'_n': 2.5}
[09:50:18.037655] {'pixel-level F1': tensor(1.1529, device='cuda:0', dtype=torch.float64)}
[09:50:18.112095] Test <remaining>: [69]  [1/2]  eta: 0:00:05  pixel-level F1: 1.9955 (0.1410)  time: 5.3311  data: 0.7387  max mem: 2485
[09:50:18.112195] Test <remaining>: [69] Total time: 0:00:10 (5.3315 s / it)
[09:50:18.113174] ---syncronized---
[09:50:18.113212] pixel-level F1 reduced_count 2038
[09:50:18.113244] pixel-level F1 reduced_sum 290.8869855896527
[09:50:18.113279] ---syncronized done ---
[09:50:19.761708] Averaged stats: pixel-level F1: 1.9955 (0.1427)
[09:50:19.765726] Loading checkpoint: checkpoint-84.pth
[09:50:27.329962] Test: [84]  [ 0/32]  eta: 0:03:48  pixel-level F1: 0.1341 (0.0084)  time: 7.1400  data: 1.5278  max mem: 2485
[09:52:20.049692] Test: [84]  [20/32]  eta: 0:01:08  pixel-level F1: 2.1686 (0.1407)  time: 5.6359  data: 0.0001  max mem: 2485
[09:53:18.882387] ====================
[09:53:18.882518] A batch that is not fully loaded was detected at the end of the dataset. The actual batch size for this batch is 7: The default batch size is 16
[09:53:18.882537] ====================
[09:53:18.933795] Test: [84]  [31/32]  eta: 0:00:05  pixel-level F1: 2.1183 (0.1448)  time: 5.4812  data: 0.0001  max mem: 2485
[09:53:19.088802] Test: [84] Total time: 0:02:58 (5.5906 s / it)
[09:53:19.088922] ***************************************************************
[09:53:19.088944] ****An extra tail dataset should exist for accracy metrics!****
[09:53:19.089143] ***************************************************************
[09:53:19.089163] **** Length of tail: 26 ****
[09:53:25.526329] Actual Batchsize/ world_size {'_n': 4.0}
[09:53:25.526479] {'pixel-level F1': tensor(0.5439, device='cuda:0', dtype=torch.float64)}
[09:53:25.647512] Test <remaining>: [84]  [0/2]  eta: 0:00:13  pixel-level F1: 2.1158 (0.1447)  time: 6.5577  data: 0.9167  max mem: 2485
[09:53:29.674984] ====================
[09:53:29.675073] A batch that is not fully loaded was detected at the end of the dataset. The actual batch size for this batch is 10: The default batch size is 16
[09:53:29.675091] ====================
[09:53:29.675594] Actual Batchsize/ world_size {'_n': 2.5}
[09:53:29.675663] {'pixel-level F1': tensor(1.2252, device='cuda:0', dtype=torch.float64)}
[09:53:29.750108] Test <remaining>: [84]  [1/2]  eta: 0:00:05  pixel-level F1: 2.0533 (0.1464)  time: 5.3300  data: 0.7382  max mem: 2485
[09:53:29.750199] Test <remaining>: [84] Total time: 0:00:10 (5.3304 s / it)
[09:53:29.750707] ---syncronized---
[09:53:29.750741] pixel-level F1 reduced_count 2038
[09:53:29.750775] pixel-level F1 reduced_sum 299.4406283430267
[09:53:29.750810] ---syncronized done ---
[09:53:31.306531] Averaged stats: pixel-level F1: 2.0533 (0.1469)
[09:53:31.310566] Loading checkpoint: checkpoint-92.pth
[09:53:38.730309] Test: [92]  [ 0/32]  eta: 0:03:43  pixel-level F1: 1.7927 (0.1120)  time: 6.9942  data: 1.3811  max mem: 2485
[09:55:31.452010] Test: [92]  [20/32]  eta: 0:01:08  pixel-level F1: 2.0679 (0.1452)  time: 5.6360  data: 0.0001  max mem: 2485
[09:56:30.275244] ====================
[09:56:30.275345] A batch that is not fully loaded was detected at the end of the dataset. The actual batch size for this batch is 7: The default batch size is 16
[09:56:30.275364] ====================
[09:56:30.326831] Test: [92]  [31/32]  eta: 0:00:05  pixel-level F1: 2.2611 (0.1503)  time: 5.4810  data: 0.0001  max mem: 2485
[09:56:30.482393] Test: [92] Total time: 0:02:58 (5.5858 s / it)
[09:56:30.482558] ***************************************************************
[09:56:30.482594] ****An extra tail dataset should exist for accracy metrics!****
[09:56:30.482784] ***************************************************************
[09:56:30.482805] **** Length of tail: 26 ****
[09:56:36.920714] Actual Batchsize/ world_size {'_n': 4.0}
[09:56:36.920839] {'pixel-level F1': tensor(0.7497, device='cuda:0', dtype=torch.float64)}
[09:56:37.041914] Test <remaining>: [92]  [0/2]  eta: 0:00:13  pixel-level F1: 2.1813 (0.1506)  time: 6.5585  data: 0.9157  max mem: 2485
[09:56:41.066704] ====================
[09:56:41.066785] A batch that is not fully loaded was detected at the end of the dataset. The actual batch size for this batch is 10: The default batch size is 16
[09:56:41.066803] ====================
[09:56:41.067292] Actual Batchsize/ world_size {'_n': 2.5}
[09:56:41.067359] {'pixel-level F1': tensor(0.6495, device='cuda:0', dtype=torch.float64)}
[09:56:41.141769] Test <remaining>: [92]  [1/2]  eta: 0:00:05  pixel-level F1: 1.9768 (0.1511)  time: 5.3290  data: 0.7366  max mem: 2485
[09:56:41.141867] Test <remaining>: [92] Total time: 0:00:10 (5.3294 s / it)
[09:56:41.142507] ---syncronized---
[09:56:41.142542] pixel-level F1 reduced_count 2038
[09:56:41.142576] pixel-level F1 reduced_sum 293.7259391231076
[09:56:41.142609] ---syncronized done ---
[09:56:42.752356] Averaged stats: pixel-level F1: 1.9768 (0.1441)
[09:56:42.756474] Loading checkpoint: checkpoint-100.pth
[09:56:50.215670] Test: [100]  [ 0/32]  eta: 0:03:44  pixel-level F1: 0.5534 (0.0346)  time: 7.0308  data: 1.4207  max mem: 2485
[09:58:42.899101] Test: [100]  [20/32]  eta: 0:01:08  pixel-level F1: 2.1007 (0.1449)  time: 5.6341  data: 0.0001  max mem: 2485
[09:59:41.715078] ====================
[09:59:41.715180] A batch that is not fully loaded was detected at the end of the dataset. The actual batch size for this batch is 7: The default batch size is 16
[09:59:41.715198] ====================
[09:59:41.766527] Test: [100]  [31/32]  eta: 0:00:05  pixel-level F1: 2.4270 (0.1528)  time: 5.4795  data: 0.0001  max mem: 2485
[09:59:41.930571] Test: [100] Total time: 0:02:58 (5.5858 s / it)
[09:59:41.930689] ***************************************************************
[09:59:41.930710] ****An extra tail dataset should exist for accracy metrics!****
[09:59:41.930916] ***************************************************************
[09:59:41.930937] **** Length of tail: 26 ****
[09:59:48.346874] Actual Batchsize/ world_size {'_n': 4.0}
[09:59:48.347012] {'pixel-level F1': tensor(0.8496, device='cuda:0', dtype=torch.float64)}
[09:59:48.468009] Test <remaining>: [100]  [0/2]  eta: 0:00:13  pixel-level F1: 2.3972 (0.1533)  time: 6.5364  data: 0.9000  max mem: 2485
[09:59:52.489827] ====================
[09:59:52.489910] A batch that is not fully loaded was detected at the end of the dataset. The actual batch size for this batch is 10: The default batch size is 16
[09:59:52.489928] ====================
[09:59:52.490489] Actual Batchsize/ world_size {'_n': 2.5}
[09:59:52.490562] {'pixel-level F1': tensor(0.8448, device='cuda:0', dtype=torch.float64)}
[09:59:52.564897] Test <remaining>: [100]  [1/2]  eta: 0:00:05  pixel-level F1: 2.1056 (0.1542)  time: 5.3165  data: 0.7277  max mem: 2485
[09:59:52.565018] Test <remaining>: [100] Total time: 0:00:10 (5.3169 s / it)
[09:59:52.565694] ---syncronized---
[09:59:52.565727] pixel-level F1 reduced_count 2038
[09:59:52.565759] pixel-level F1 reduced_sum 320.7973904882655
[09:59:52.565794] ---syncronized done ---
[09:59:54.105081] Averaged stats: pixel-level F1: 2.1056 (0.1574)
[09:59:54.109038] Loading checkpoint: checkpoint-104.pth
[10:00:01.533275] Test: [104]  [ 0/32]  eta: 0:03:43  pixel-level F1: 2.0641 (0.1290)  time: 6.9964  data: 1.3876  max mem: 2485
[10:01:54.237102] Test: [104]  [20/32]  eta: 0:01:08  pixel-level F1: 2.9511 (0.1928)  time: 5.6351  data: 0.0001  max mem: 2485
[10:02:53.048992] ====================
[10:02:53.049101] A batch that is not fully loaded was detected at the end of the dataset. The actual batch size for this batch is 7: The default batch size is 16
[10:02:53.049122] ====================
[10:02:53.100343] Test: [104]  [31/32]  eta: 0:00:05  pixel-level F1: 2.8759 (0.1910)  time: 5.4798  data: 0.0001  max mem: 2485
[10:02:53.267636] Test: [104] Total time: 0:02:58 (5.5854 s / it)
[10:02:53.267762] ***************************************************************
[10:02:53.267785] ****An extra tail dataset should exist for accracy metrics!****
[10:02:53.267991] ***************************************************************
[10:02:53.268012] **** Length of tail: 26 ****
[10:02:59.719791] Actual Batchsize/ world_size {'_n': 4.0}
[10:02:59.719924] {'pixel-level F1': tensor(1.2602, device='cuda:0', dtype=torch.float64)}
[10:02:59.840965] Test <remaining>: [104]  [0/2]  eta: 0:00:13  pixel-level F1: 2.7628 (0.1920)  time: 6.5723  data: 0.9323  max mem: 2485
[10:03:03.862584] ====================
[10:03:03.862656] A batch that is not fully loaded was detected at the end of the dataset. The actual batch size for this batch is 10: The default batch size is 16
[10:03:03.862674] ====================
[10:03:03.863220] Actual Batchsize/ world_size {'_n': 2.5}
[10:03:03.863290] {'pixel-level F1': tensor(0.7700, device='cuda:0', dtype=torch.float64)}
[10:03:03.937431] Test <remaining>: [104]  [1/2]  eta: 0:00:05  pixel-level F1: 2.5784 (0.1926)  time: 5.3342  data: 0.7431  max mem: 2485
[10:03:03.937540] Test <remaining>: [104] Total time: 0:00:10 (5.3346 s / it)
[10:03:03.938103] ---syncronized---
[10:03:03.938139] pixel-level F1 reduced_count 2038
[10:03:03.938174] pixel-level F1 reduced_sum 362.3811866997239
[10:03:03.938207] ---syncronized done ---
[10:03:05.663124] Averaged stats: pixel-level F1: 2.5784 (0.1778)
[10:03:05.665615] Loading checkpoint: checkpoint-124.pth
[10:03:13.200225] Test: [124]  [ 0/32]  eta: 0:03:47  pixel-level F1: 1.0073 (0.0630)  time: 7.1097  data: 1.5004  max mem: 2485
[10:05:05.926682] Test: [124]  [20/32]  eta: 0:01:08  pixel-level F1: 2.7468 (0.1717)  time: 5.6363  data: 0.0002  max mem: 2485
[10:06:04.747443] ====================
[10:06:04.747551] A batch that is not fully loaded was detected at the end of the dataset. The actual batch size for this batch is 7: The default batch size is 16
[10:06:04.747570] ====================
[10:06:04.798677] Test: [124]  [31/32]  eta: 0:00:05  pixel-level F1: 2.9083 (0.1828)  time: 5.4809  data: 0.0001  max mem: 2485
[10:06:04.958801] Test: [124] Total time: 0:02:58 (5.5897 s / it)
[10:06:04.958936] ***************************************************************
[10:06:04.959134] ****An extra tail dataset should exist for accracy metrics!****
[10:06:04.959152] ***************************************************************
[10:06:04.959172] **** Length of tail: 26 ****
[10:06:11.391777] Actual Batchsize/ world_size {'_n': 4.0}
[10:06:11.391903] {'pixel-level F1': tensor(0.6945, device='cuda:0', dtype=torch.float64)}
[10:06:11.512965] Test <remaining>: [124]  [0/2]  eta: 0:00:13  pixel-level F1: 2.7260 (0.1828)  time: 6.5532  data: 0.9139  max mem: 2485
[10:06:15.537994] ====================
[10:06:15.538076] A batch that is not fully loaded was detected at the end of the dataset. The actual batch size for this batch is 10: The default batch size is 16
[10:06:15.538113] ====================
[10:06:15.538627] Actual Batchsize/ world_size {'_n': 2.5}
[10:06:15.538695] {'pixel-level F1': tensor(0.5805, device='cuda:0', dtype=torch.float64)}
[10:06:15.612954] Test <remaining>: [124]  [1/2]  eta: 0:00:05  pixel-level F1: 2.7260 (0.1830)  time: 5.3264  data: 0.7361  max mem: 2485
[10:06:15.613057] Test <remaining>: [124] Total time: 0:00:10 (5.3268 s / it)
[10:06:15.613716] ---syncronized---
[10:06:15.613751] pixel-level F1 reduced_count 2038
[10:06:15.613787] pixel-level F1 reduced_sum 347.7823612000289
[10:06:15.613820] ---syncronized done ---
[10:06:17.119198] Averaged stats: pixel-level F1: 2.7260 (0.1706)
[10:06:17.123804] Testing on dataset IMD20_1024 takes 1:19:59
[10:06:17.123839] Total testing time 1:19:59
